client_ip,event_counts,std,bot
"58.221.192.222",63,148.237,0
"98.122.3.43",78,118.288,0
"218.30.67.250",482,1896.34,1
"109.252.93.147",191,17.1457,0
"220.220.151.191",94,83.8932,0
"85.101.5.121",104,10.2268,0
"24.42.206.98",134,24.5282,0
"177.35.135.245",70,26.4671,0
"91.233.234.210",595,4.85259,0
"189.172.158.132",58,179.683,0
"94.203.221.140",58,1.76244,0
"94.43.85.26",854,438.694,1
"109.55.98.164",51,41.948,0
"77.92.251.66",843,441.732,1
"157.83.125.12",52,3113.27,0
"173.74.136.236",57,214.102,0
"203.129.111.188",68,20.4067,0
"182.185.91.40",184,57.0953,0
"92.238.132.164",57,43.6336,0
"186.241.192.221",112,77.4732,0
"99.71.93.15",50,247.032,0
"174.98.170.75",64,1989.13,0
"189.69.184.156",67,27.5819,0
"84.220.195.170",62,237.31,0
"174.50.149.252",51,92.133,0
"201.82.80.15",64,40.7348,0
"78.179.246.246",59,11.0535,0
"174.61.151.171",67,77.6776,0
"84.3.1.58",57,205.301,0
"173.51.43.217",57,102.704,0
"2.93.205.37",275,17.0243,0
"184.88.74.221",53,44.3542,0
"83.229.148.6",4937,200.657,1
"123.220.248.228",91,106.676,0
"93.57.13.2",159,1455.06,1
"41.252.14.203",84,89.9013,0
"82.235.181.65",63,44.6593,0
"89.98.220.244",56,132.862,0
"84.245.95.92",127,188.232,0
"94.123.225.225",66,11.9701,0
"107.178.200.211",50,3847.41,1
"107.178.200.212",60,4534.73,1
"107.178.200.213",50,4842.78,1
"90.222.140.14",83,53.8594,0
"107.178.200.218",50,3123.35,1
"107.178.200.219",54,5016.54,1
"151.227.225.177",62,4318.8,1
"78.112.44.66",87,75.7512,0
"122.56.53.230",1437,378.886,1
"122.56.53.231",1345,472.672,1
"50.101.150.185",145,378.73,0
"180.140.25.151",61,225.312,0
"188.123.230.121",55,12.0368,0
"65.52.104.141",58,5464.72,1
"151.231.81.172",109,204.804,0
"69.248.90.83",56,7.06957,0
"2.60.208.4",100,21.8978,0
"187.1.254.197",52,114.103,0
"78.96.142.62",107,44.2413,0
"209.117.122.226",52,76.2928,0
"166.82.155.151",168,541.037,0
"60.4.32.13",75,7.81273,0
"189.84.163.140",56,21.6375,0
"83.85.169.210",59,47.648,0
"70.176.199.190",95,49.6771,0
"83.82.138.9",95,156.869,0
"65.52.107.37",1736,364.259,1
"113.80.10.195",69,67.0224,0
"79.252.213.53",77,8.06127,0
"217.76.74.220",99,18.0015,0
"177.40.143.144",162,137.267,0
"95.222.192.137",67,107.997,0
"124.153.101.210",2840,251.637,1
"90.211.13.78",67,5.67193,0
"195.64.206.231",66,103.771,0
"88.224.238.244",51,42.1726,0
"77.222.102.200",135,94.628,0
"120.168.0.18",75,191.009,0
"68.10.30.74",68,4.78851,0
"114.27.42.160",81,164.808,0
"111.243.23.65",55,12.8304,0
"202.67.40.19",68,4022.41,0
"187.74.247.240",98,10.675,0
"95.91.255.202",57,139.701,0
"79.191.198.98",131,18.3026,0
"98.115.73.230",89,126.924,0
"117.208.210.83",75,41.9357,0
"79.30.17.164",73,180.304,0
"109.12.82.82",61,111.355,0
"27.227.249.226",88,54.9975,0
"171.216.69.26",52,18.7871,0
"202.142.96.84",53,49.7543,0
"84.209.66.177",66,176.914,0
"186.4.50.134",55,178.794,0
"94.121.52.101",83,12.1061,0
"162.194.183.12",70,19.8685,0
"218.16.210.202",55,67.1751,0
"223.204.228.54",55,136.863,0
"188.73.138.101",159,150.844,0
"187.163.7.197",75,156.803,0
"87.0.154.90",83,91.1983,0
"69.174.170.131",113,123.252,0
"113.145.24.194",72,27.7221,0
"75.83.128.186",194,64.515,0
"202.177.206.170",1833,392.218,1
"114.227.133.195",227,18.7909,0
"79.111.140.188",53,11.2789,0
"87.250.195.24",83,26.3227,0
"88.148.210.251",193,50.7308,0
"123.237.210.64",50,154.774,0
"99.16.4.18",68,15.5151,0
"108.70.132.164",50,32.1065,0
"86.6.83.220",87,219.503,0
"79.169.98.96",71,70.9977,0
"178.124.203.76",218,22.3405,0
"179.236.45.222",91,5.92771,0
"125.116.8.143",53,95.4206,0
"24.184.46.25",65,75.1626,0
"95.139.118.172",178,929.51,0
"68.13.205.172",114,76.6703,0
"31.151.103.11",62,12.6408,0
"46.5.110.184",65,43.6783,0
"178.134.146.18",845,442.294,1
"157.55.185.253",482,372.015,0
"84.118.8.37",64,126.096,0
"178.134.146.14",834,442.745,1
"123.203.176.145",55,106.398,0
"101.172.127.242",70,225.762,0
"64.233.172.94",157,2106.75,1
"81.190.114.219",135,87.0833,0
"46.24.84.188",56,56.5664,0
"188.169.162.54",834,442.94,1
"140.240.111.36",74,26.4519,0
"188.80.183.85",68,101.371,0
"61.86.213.52",105,217.984,0
"66.249.82.62",116,2483.15,1
"70.15.117.239",58,159.898,0
"81.35.227.160",182,126.549,0
"66.249.82.68",124,2456.6,1
"79.236.20.161",137,14.3368,0
"120.172.35.202",96,17.1546,0
"76.92.206.203",92,36.6873,0
"24.19.26.15",56,21.0674,0
"75.71.160.99",50,258.024,0
"72.29.234.81",461,863.768,1
"72.29.234.80",78,1738.03,1
"8.26.243.78",65,138.578,0
"177.106.3.248",68,28.7942,0
"108.245.145.46",50,252.401,0
"151.238.203.39",98,182.381,0
"94.109.42.82",76,187.466,0
"83.197.5.11",65,230.655,0
"59.94.16.96",63,293.252,0
"65.52.104.91",67,1.979,1
"172.56.39.19",99,51.4765,0
"111.77.145.198",115,59.1803,0
"164.85.68.15",68,21.3174,0
"98.119.121.71",307,12.8185,0
"31.192.190.119",71,15.5202,0
"81.241.5.79",60,25.701,0
"201.25.66.112",53,45.7649,0
"178.5.153.81",57,16.4269,0
"99.99.166.141",120,131.124,0
"65.25.209.86",110,113.373,0
"24.128.0.10",50,178.346,0
"103.3.230.138",52,1929.92,0
"94.43.130.66",841,442.316,1
"187.152.43.255",56,223.959,0
"14.102.109.133",61,51.2981,0
"24.105.195.24",105,24.3129,0
"117.200.21.49",57,20.3024,0
"187.37.218.213",53,8.3935,0
"82.49.160.165",64,47.0409,0
"24.58.82.229",101,55.295,0
"89.202.167.20",1142,433.231,1
"118.151.208.6",101,4850.73,1
"65.40.156.101",60,25.0789,0
"216.177.129.14",58,171.192,0
"89.100.127.94",50,50.0445,0
"77.22.146.159",118,7.05283,0
"177.97.200.238",51,27.9267,0
"204.101.162.83",817,935.517,1
"202.177.206.135",711,748.396,1
"188.81.179.90",72,219.806,0
"109.215.193.165",64,85.1268,0
"66.108.43.121",114,225.069,0
"98.108.235.59",85,156.415,0
"115.78.226.246",98,95.7895,0
"80.83.238.86",185,14.8558,0
"95.238.39.254",64,12.6112,0
"79.64.190.210",55,197.761,0
"188.169.162.170",835,448.618,1
"188.248.139.177",155,73.9884,0
"71.14.131.118",54,97.8915,0
"188.169.162.174",547,1407.46,1
"90.225.29.201",58,73.7066,0
"98.169.192.58",117,61.0337,0
"79.103.144.110",159,112.722,0
"95.153.204.112",52,155.017,0
"125.1.89.201",124,76.8586,0
"213.211.59.240",53,16.5924,0
"2.2.226.176",78,11.3899,0
"145.129.69.212",164,57.7532,0
"83.135.176.125",94,23.5473,0
"95.17.223.116",62,142.036,0
"200.220.254.23",87,3135.84,0
"24.231.184.45",61,105.667,0
"66.77.117.5",5860,176.676,1
"216.49.18.87",84,249.176,0
"88.242.159.118",140,8.29718,0
"111.92.145.14",65,35.8951,0
"90.177.228.59",50,225.338,0
"85.240.221.63",136,148.308,0
"84.114.197.159",63,111.242,0
"117.92.57.168",57,21.2381,0
"87.188.195.56",52,45.7514,0
"75.166.85.231",64,95.7162,0
"175.182.213.14",166,32.8638,0
"213.33.61.178",252,2268.39,1
"107.4.29.222",51,5.69242,0
"94.200.33.22",64,92.7153,0
"126.197.0.235",100,243.611,0
"205.221.122.211",67,28.6184,0
"212.187.109.192",53,101.291,0
"107.178.200.216",56,4234.33,1
"66.249.93.36",451,1051.7,1
"62.209.56.10",676,508.325,1
"92.115.115.144",126,19.3427,0
"166.137.101.175",50,5605.72,0
"107.178.200.217",53,3517.15,1
"90.4.222.75",69,23.5813,0
"178.155.248.201",72,149.249,0
"111.199.202.20",79,15.8322,0
"74.32.115.102",62,56.3739,0
"67.142.177.23",62,115.552,0
"195.66.102.15",298,1089.77,1
"42.117.123.35",152,54.9073,0
"178.134.146.34",644,811.069,1
"68.238.232.110",64,46.1312,0
"213.20.169.166",905,935.851,1
"50.80.91.216",71,53.645,0
"137.135.179.102",468,391.7,0
"202.215.80.211",67,95.2469,0
"86.197.17.15",65,138.331,0
"64.72.51.143",60,121.192,0
"70.57.100.96",81,80.7741,0
"218.72.151.38",51,24.1064,0
"211.20.182.119",508,908.372,1
"71.62.53.124",62,142.88,0
"66.249.88.83",78,1647.52,0
"78.53.223.77",59,46.0208,0
"109.60.68.176",224,72.122,0
"81.218.123.44",437,692.905,1
"59.84.224.251",55,163.344,0
"98.114.244.117",73,228.307,0
"189.78.9.207",79,44.8941,0
"82.2.18.168",186,112.093,0
"5.15.23.196",73,7.35003,0
"83.193.187.215",76,110.418,0
"74.129.213.183",61,245.848,0
"94.122.36.41",78,59.8,0
"2.221.80.148",94,6.66946,0
"107.178.200.221",59,4616.27,1
"107.178.200.220",64,3484.64,1
"107.178.200.223",52,3922.44,1
"194.231.14.135",132,1782.34,1
"107.196.111.77",70,213.332,0
"131.107.192.245",54,145.885,0
"83.89.81.15",281,40.3309,0
"183.158.154.49",111,8.71228,0
"84.133.246.171",176,3.02892,0
"82.61.13.240",54,157.662,0
"122.177.11.28",89,6.16944,0
"67.40.31.57",152,244.254,0
"188.169.13.90",760,550.548,1
"168.63.134.6",1074,107.99,0
"85.36.120.60",286,1771.97,1
"37.143.219.190",69,11.3933,0
"93.31.198.207",70,32.2662,0
"188.18.197.128",61,37.1915,0
"189.121.127.233",81,250.231,0
"66.25.173.4",75,43.0487,0
"95.212.35.100",65,54.3763,0
"78.94.133.121",60,123.097,0
"91.96.184.107",92,160.491,0
"177.102.100.42",69,48.0421,0
"180.112.247.194",66,25.003,0
"174.94.48.76",160,20.1618,0
"194.213.194.41",381,834.932,1
"24.181.52.60",86,16.3857,0
"50.81.77.145",75,54.917,0
"212.4.90.34",54,274.921,0
"178.127.140.236",83,36.5871,0
"89.74.190.85",71,169.236,0
"68.187.211.219",60,41.7385,0
"12.129.197.168",460,707.427,1
"123.53.154.12",109,5.09386,0
"12.129.197.164",605,548.029,1
"12.129.197.166",2183,330.166,1
"12.129.197.161",287,931.662,1
"12.129.197.160",522,665.778,1
"203.212.2.39",83,2998.08,1
"12.129.197.162",136,1375.7,1
"68.56.143.52",445,86.0598,0
"90.153.32.27",53,172.984,0
"190.240.133.61",76,19.438,0
"71.53.127.237",55,127.651,0
"2.139.72.192",68,124.395,0
"47.16.79.202",107,34.1302,0
"98.166.97.20",52,47.2555,0
"31.54.240.147",106,109.765,0
"94.120.13.92",96,67.167,0
"93.184.21.97",177,9.6326,0
"115.87.94.245",88,218.183,0
"89.25.209.217",50,29.7024,0
"92.28.208.189",51,60.3998,0
"61.255.2.200",51,173.044,0
"92.53.49.167",79,26.4835,0
"109.149.237.226",82,70.8635,0
"94.43.199.46",845,444.808,1
"176.227.135.209",110,234.861,0
"222.73.36.178",1015,1226.46,1
"83.201.40.43",83,8.64927,0
"186.47.181.24",172,124.091,0
"77.205.14.209",66,23.8831,0
"80.193.86.26",120,1164.16,0
"198.148.166.5",55,208.121,0
"207.179.26.97",92,4.14016,0
"190.209.116.96",68,7.7054,0
"86.170.58.108",111,146.123,0
"182.74.14.94",55,67.4907,0
"79.222.120.45",53,40.8107,0
"190.36.93.78",228,103.615,0
"171.121.216.110",65,33.7226,0
"92.60.31.129",56,22.6983,0
"71.65.213.199",68,21.3847,0
"94.200.36.70",51,9.08062,0
"62.28.11.130",130,1549.87,1
"88.178.5.154",60,105.429,0
"172.243.106.245",59,294.658,0
"188.78.56.1",106,164.285,0
"60.0.1.170",78,62.638,0
"67.170.67.24",58,100.779,0
"37.204.109.145",50,228.325,0
"81.203.97.54",63,102.676,0
"96.241.115.187",74,31.021,0
"188.186.83.84",90,8.8261,0
"111.140.41.199",65,13.2465,0
"66.249.88.100",62,4629.53,1
"37.119.226.162",60,161.055,0
"210.195.170.223",87,88.7035,0
"194.44.162.199",493,5.89289,0
"178.164.172.120",60,118.569,0
"88.186.184.204",51,137.548,0
"74.137.119.160",71,27.3265,0
"69.124.156.242",50,75.3715,0
"125.234.72.144",199,16.9009,0
"203.205.120.2",136,1645.97,0
"190.238.174.210",106,60.1772,0
"96.252.109.165",55,58.5777,0
"75.69.143.240",117,10.8201,0
"98.252.102.210",58,69.7791,0
"189.188.6.13",67,9.62559,0
"68.4.92.240",53,110.92,0
"78.174.216.149",59,29.3949,0
"179.213.249.218",54,66.6223,0
"88.66.255.78",96,144.648,0
"14.159.248.139",80,59.0133,0
"115.25.90.37",54,16.7854,0
"117.193.123.114",60,31.914,0
"66.249.85.100",83,6049.52,1
"83.143.144.195",68,18.2906,0
"186.83.128.206",74,51.8672,0
"87.188.244.190",72,25.3219,0
"94.241.215.142",51,137.615,0
"46.103.216.88",55,110.459,0
"108.45.106.188",84,153.305,0
"65.35.213.231",50,84.6126,0
"79.0.2.46",151,63.6065,0
"98.239.112.179",102,166.454,0
"206.188.74.29",68,161.8,0
"117.242.204.155",181,21.6382,0
"173.175.249.120",93,177.368,0
"212.185.217.7",68,13.0208,0
"99.4.166.149",53,130.348,0
"82.49.179.125",94,82.8598,0
"172.0.128.223",50,221.954,0
"208.254.67.74",128,4471.27,1
"176.214.89.23",64,10.2072,0
"113.210.165.184",115,20.9923,0
"86.136.164.96",81,56.0126,0
"128.68.50.201",69,41.187,0
"88.165.86.54",90,28.7676,0
"88.62.149.50",94,23.1515,0
"24.167.223.93",60,13.2211,0
"177.42.160.203",69,14.0198,0
"124.61.209.72",201,64.4897,0
"121.20.247.13",180,86.1145,0
"208.254.44.23",260,3564.23,1
"68.227.51.143",50,86.8157,0
"212.187.152.197",1299,671.702,1
"68.39.204.55",53,51.8201,0
"89.202.167.19",998,466.816,1
"109.172.78.234",88,3555.23,0
"66.91.115.93",71,8.88729,0
"123.187.88.83",50,91.834,0
"218.239.109.181",50,17.9569,0
"94.43.128.62",832,445.248,1
"83.84.50.126",107,123.261,0
"192.193.171.149",52,6714.23,0
"96.36.74.121",119,30.7472,0
"177.10.226.216",69,49.182,0
"37.160.20.165",56,151.954,0
"71.219.10.65",96,7.38145,0
"114.111.151.218",770,484.439,1
"188.169.162.162",554,997.605,1
"182.20.88.232",50,24.1752,0
"121.241.164.97",132,2427.02,1
"80.192.69.21",263,67.9798,0
"63.102.226.226",53,2912.09,1
"24.217.107.138",124,84.6002,0
"86.202.68.232",64,20.1758,0
"66.249.79.86",244,1914.88,1
"95.104.29.214",848,440.647,1
"128.65.236.253",60,44.9158,0
"205.219.133.1",52,3029.39,0
"177.225.204.134",117,21.7156,0
"174.52.132.198",60,4.30348,0
"115.73.241.75",66,2464.3,0
"173.74.9.25",121,23.536,0
"68.1.163.60",68,52.2504,0
"124.176.182.153",91,173.469,0
"77.49.115.96",66,31.4592,0
"31.182.243.249",85,27.1687,0
"120.147.208.157",54,156.549,0
"176.92.94.108",63,26.191,0
"96.246.67.213",105,33.383,0
"80.60.93.232",65,17.491,0
"63.153.255.63",51,33.0095,0
"222.160.13.78",72,46.692,0
"85.117.157.155",74,133.714,0
"113.173.18.158",77,9.42005,0
"77.181.122.142",65,72.1925,0
"200.120.143.92",93,86.6873,0
"183.89.117.130",110,55.4775,0
"94.123.199.164",126,110.759,0
"186.22.232.225",60,1.28635,0
"210.160.8.66",100,342.289,0
"94.178.131.164",155,104.414,0
"120.148.66.195",58,150.572,0
"110.66.248.219",95,69.1186,0
"195.66.102.22",1082,674.482,1
"188.123.102.162",85,173.494,0
"68.34.80.73",50,295.693,0
"153.130.214.220",55,27.0503,0
"113.21.64.195",52,73.4384,0
"77.77.52.62",111,11.6252,0
"124.125.40.105",81,80.2162,0
"92.130.19.103",52,109.008,0
"59.85.14.229",193,97.8082,0
"75.68.115.255",69,186.415,0
"220.19.190.3",52,89.8166,0
"42.112.240.136",85,12.4435,0
"118.165.103.19",50,113.934,0
"78.101.234.142",77,11.1285,0
"87.1.41.211",50,11.8798,0
"178.14.113.188",70,201.138,0
"120.28.109.220",136,80.0409,0
"91.77.162.33",55,121.606,0
"63.216.142.62",128,1937.37,1
"112.134.175.188",169,36.659,0
"175.142.184.192",79,179.619,0
"202.40.240.229",892,654.14,1
"108.232.72.66",133,12.2712,0
"99.41.84.224",54,129.34,0
"31.162.151.118",52,4.71649,0
"188.121.218.114",341,68.5369,0
"98.14.22.176",220,100.001,0
"100.33.69.237",66,7168.78,1
"94.41.143.142",76,151.911,0
"119.245.129.129",51,12.6622,0
"80.156.162.222",279,770.299,1
"92.90.21.14",53,1788.61,0
"2.89.78.233",77,46.2374,0
"189.71.45.182",60,62.9345,0
"60.42.212.83",50,186.124,0
"189.24.116.97",66,89.7683,0
"189.245.29.202",54,175.771,0
"84.123.58.246",314,26.7302,0
"187.212.157.155",98,97.0399,0
"80.93.126.182",111,1726.28,0
"79.25.72.85",56,176.566,0
"96.246.220.40",53,60.2048,0
"75.75.100.128",61,206.852,0
"190.158.112.155",53,35.4753,0
"78.210.92.157",75,212.695,0
"86.145.103.141",53,11.7889,0
"190.42.31.118",114,78.6736,0
"66.206.58.152",83,69.0207,0
"124.215.196.54",122,1953.5,1
"64.233.172.106",125,2736.67,1
"113.200.205.48",50,74.8906,0
"63.219.16.104",3520,236.918,1
"86.200.57.71",90,249.554,0
"100.37.93.219",93,3899.41,1
"95.49.163.168",64,55.7865,0
"12.129.197.158",764,582.238,1
"12.129.197.159",354,1031,1
"58.87.152.95",65,199.524,0
"80.99.165.195",50,108.764,0
"94.43.199.42",838,442.048,1
"12.129.197.152",237,897.968,1
"12.129.197.157",587,554.667,1
"42.113.187.15",60,70.3509,0
"223.217.91.161",50,300.377,0
"39.55.36.82",71,186.087,0
"79.122.92.170",64,17.4175,0
"70.26.253.157",84,96.6648,0
"59.45.113.10",198,56.8479,0
"60.181.155.26",50,79.2072,0
"88.139.183.61",65,113.7,0
"85.180.211.36",139,37.7699,0
"187.39.10.124",211,28.4319,0
"174.89.208.201",64,69.1751,0
"82.50.123.111",52,53.9252,0
"69.141.210.7",53,95.7272,0
"47.18.107.179",174,96.3642,0
"153.176.101.128",52,42.1767,0
"24.46.157.219",54,18.5613,0
"126.86.128.24",62,336.116,0
"186.125.122.74",61,258.73,0
"91.133.156.177",84,28.3949,0
"112.198.236.221",83,6.84629,0
"183.167.63.47",94,228.391,0
"118.20.77.49",79,154.436,0
"63.241.138.14",204,2013.54,1
"72.23.53.23",67,78.0872,0
"93.38.163.252",105,6.14554,0
"213.190.153.198",1418,880.593,1
"213.190.153.199",1232,833.222,1
"92.63.32.195",72,68.05,0
"91.202.186.10",85,8.92829,0
"200.120.46.11",154,79.7012,0
"97.102.117.131",74,221.299,0
"115.28.145.223",87,270.844,0
"70.189.109.230",82,46.9244,0
"176.249.32.101",118,64.8232,0
"201.229.55.72",89,69.0231,0
"80.238.116.79",55,263.43,0
"178.134.146.38",849,438.839,1
"37.138.168.82",52,33.9922,0
"178.134.146.30",810,450.69,1
"109.92.112.73",53,37.8779,0
"75.82.46.231",68,210.482,0
"24.217.216.143",85,55.308,0
"194.65.49.166",1696,498.955,1
"92.105.235.7",111,160.569,0
"78.129.39.117",78,185.555,0
"108.218.13.104",51,76.7099,0
"208.10.51.75",563,1250.09,1
"174.55.178.179",78,90.975,0
"37.11.146.99",50,83.9577,0
"151.16.140.15",115,64.4364,0
"78.42.21.152",51,46.7595,0
"103.10.231.85",92,22.4532,0
"178.254.101.58",72,22.7525,0
"99.74.180.104",83,30.4731,0
"99.237.126.231",71,53.3722,0
"87.89.217.119",81,61.6697,0
"50.160.195.140",53,7974.46,1
"98.141.41.95",63,38.2561,0
"108.38.127.228",51,88.7985,0
"14.139.212.226",84,2056.3,0
"62.220.177.90",65,94.7357,0
"97.123.136.78",59,16.9008,0
"173.7.131.250",61,13.6266,0
"84.1.182.162",72,155.173,0
"50.135.176.165",55,144.664,0
"71.217.46.8",52,242.015,0
"186.53.113.73",64,134.828,0
"213.37.84.163",53,8.81976,0
"91.18.31.193",58,133.694,0
"108.82.124.92",73,97.7131,0
"66.220.237.124",73,117.705,0
"114.79.2.140",58,51.9504,0
"87.180.86.21",69,109.677,0
"174.57.113.111",65,24.9267,0
"85.196.91.231",1916,335.111,1
"85.196.91.232",2443,283.113,1
"79.238.74.217",59,39.0681,0
"125.40.136.35",53,17.051,0
"67.197.189.136",114,6.18086,0
"1.79.39.106",129,58.5242,0
"85.207.17.10",128,43.8859,0
"62.201.23.97",63,22.6655,0
"201.68.132.11",65,9.26345,0
"125.204.46.18",94,26.6704,0
"61.135.155.250",663,505.879,1
"65.117.78.90",550,639.36,1
"189.156.37.214",52,222.299,0
"75.134.151.51",88,213.458,0
"188.169.162.158",834,446.036,1
"65.117.78.91",550,797.665,1
"109.222.178.200",82,37.1105,0
"178.164.173.194",54,82.4473,0
"188.169.162.150",828,453.917,1
"118.102.173.35",66,1692.61,0
"76.173.0.65",54,20.4612,0
"188.169.162.154",738,486.062,1
"84.87.176.141",216,35.4827,0
"81.107.34.231",51,247.682,0
"187.206.190.227",122,145.185,0
"202.38.182.45",56,117.23,0
"190.157.112.2",59,261.915,0
"184.15.14.254",65,92.0774,0
"2.97.36.150",122,20.2044,0
"119.92.124.220",192,1084.03,0
"221.121.243.37",190,83.6676,0
"2.37.133.101",55,6.11697,0
"24.207.128.160",70,36.2081,0
"157.55.39.11",53,4417.9,1
"89.110.226.116",63,141.527,0
"188.233.2.154",100,48.7466,0
"151.26.27.194",178,18.1587,0
"173.26.169.95",120,44.8334,0
"70.178.126.37",81,282.973,0
"66.249.81.4",139,2382.5,1
"83.199.94.10",105,107.542,0
"142.176.88.130",280,821.595,1
"173.169.53.214",58,24.8874,0
"85.112.31.52",1961,305.366,1
"110.137.19.71",519,27.5965,0
"111.87.11.42",154,1561.37,1
"200.250.232.139",433,50.5543,0
"201.29.135.170",90,129.239,0
"153.169.139.165",139,79.5928,0
"98.222.106.62",218,19.0624,0
"66.249.79.73",226,1831.34,1
"76.97.102.254",55,23.2198,0
"212.175.53.162",88,33.8501,0
"89.190.253.26",66,42.6525,0
"62.131.160.120",64,12.7874,0
"83.109.243.10",65,70.4252,0
"84.138.187.7",52,180.281,0
"189.241.124.162",72,126.125,0
"95.236.177.208",160,1512.61,0
"195.228.101.4",79,60.5425,0
"177.87.0.134",71,18.3903,0
"24.130.213.207",97,5.7209,0
"212.31.251.91",1692,613.561,1
"87.185.52.89",85,140.078,0
"109.153.28.70",60,99.4175,0
"24.144.222.66",63,93.802,0
"71.33.166.85",81,87.364,0
"93.19.231.31",194,23.3583,0
"88.192.143.170",96,180.031,0
"107.45.31.21",122,118.106,0
"220.249.103.67",57,6663.97,1
"212.72.208.27",56,220.646,0
"50.100.13.156",2301,284.235,1
"70.39.186.117",51,146.563,0
"24.240.26.252",56,50.506,0
"185.35.131.252",56,32.0169,0
"88.124.20.199",65,190.637,0
"77.20.175.21",58,86.217,0
"94.174.10.120",54,5.28295,0
"84.133.229.136",75,183.125,0
"202.40.240.230",982,580.378,1
"179.208.3.140",249,81.9415,0
"71.58.151.127",93,17.0691,0
"187.74.9.3",138,14.4565,0
"187.10.66.65",54,63.2727,0
"86.176.56.164",54,50.4946,0
"39.218.66.52",69,24.0621,0
"95.93.9.11",85,5.26555,0
"77.171.51.51",80,239.538,0
"200.165.249.190",66,34.2789,0
"115.179.36.51",52,388.77,0
"213.248.89.206",278,2151.32,1
"79.30.7.89",83,160.51,0
"54.217.222.125",100,115.99,0
"66.86.6.37",55,131.229,0
"60.4.55.78",94,69.624,0
"193.153.63.62",141,145.737,0
"174.119.61.61",59,96.5025,0
"1.38.16.6",93,23.9075,0
"31.146.135.94",835,442.869,1
"218.186.14.10",60,3341.62,0
"178.134.66.50",836,442.732,1
"82.48.169.125",80,83.7789,0
"82.222.194.2",78,92.9928,0
"171.255.35.68",60,16.2552,0
"202.226.203.81",66,20.2911,0
"162.234.124.35",74,95.292,0
"186.98.204.213",50,79.2337,0
"187.11.78.193",59,27.0868,0
"216.52.172.26",1133,1217.55,1
"91.215.23.160",117,13.7855,0
"212.96.68.87",52,109.429,0
"188.104.206.49",67,205.428,0
"12.129.197.141",1321,386.621,1
"12.129.197.140",493,762.772,1
"203.208.249.254",400,1218.92,1
"77.162.198.106",60,26.79,0
"68.194.133.158",53,12.1816,0
"90.58.16.79",57,33.0662,0
"173.28.63.89",102,32.0592,0
"81.30.248.15",163,42.4135,0
"37.119.226.78",81,10.9252,0
"72.209.29.110",54,9.13753,0
"74.105.52.193",51,226.166,0
"78.169.233.56",53,53.558,0
"74.76.2.11",111,16.6694,0
"92.205.18.119",66,212.543,0
"111.165.174.241",61,14.4944,0
"109.182.74.181",69,35.4776,0
"192.127.94.7",64,1011.78,0
"221.189.200.237",56,345.76,0
"177.37.194.129",58,17.528,0
"85.69.36.108",64,241.137,0
"187.201.225.2",56,154.374,0
"1.232.160.132",100,94.0214,0
"98.112.170.96",54,134.279,0
"41.13.232.162",56,154.261,0
"66.249.79.137",172,2362.27,1
"62.209.223.226",61,1729.58,0
"174.88.190.89",63,12.9098,0
"2.25.230.252",59,60.9943,0
"98.90.214.242",97,44.8744,0
"173.55.80.130",68,23.4035,0
"69.250.119.163",62,7.42979,0
"70.81.223.55",112,599.66,0
"84.195.123.173",107,141.529,0
"61.76.39.59",87,106.255,0
"89.173.218.249",55,267.025,0
"46.77.124.49",169,83.5202,0
"123.211.189.101",52,146.445,0
"80.239.65.254",2090,293.251,1
"178.94.117.236",90,9.03738,0
"63.128.6.197",1033,442.984,1
"144.232.190.186",1132,400.292,1
"178.134.146.26",847,440.727,1
"211.51.62.194",67,5237.41,1
"46.44.3.16",98,143.167,0
"182.3.155.230",107,11.6126,0
"180.9.174.176",76,211.038,0
"190.225.235.74",65,28.5043,0
"65.198.61.76",198,1029.84,1
"190.189.89.146",113,5.36262,0
"188.169.162.226",823,449.815,1
"113.193.184.218",54,141.083,0
"97.116.86.146",203,11.294,0
"71.167.15.231",107,47.7746,0
"65.190.87.21",148,27.7914,0
"208.10.51.61",412,1383.57,1
"46.175.106.14",307,107.01,0
"213.39.49.84",1593,1055.95,1
"95.63.182.201",61,79.6562,0
"189.54.94.185",100,127.091,0
"87.8.180.92",79,202.45,0
"208.47.21.251",131,50.7086,0
"114.36.244.236",92,42.8669,0
"198.40.244.27",76,72.3771,0
"139.216.215.211",86,155.005,0
"220.255.2.160",63,3015.2,0
"24.162.116.24",95,5.82987,0
"74.212.176.230",67,30.7327,0
"182.34.161.88",50,70.0474,1
"46.230.101.42",56,70.9186,0
"79.16.132.76",139,2748.71,1
"123.10.206.56",190,120.668,0
"101.51.128.145",61,361.395,0
"202.246.252.102",66,3074.24,0
"101.218.72.128",53,34.9933,0
"99.46.174.170",73,140.918,0
"2.134.25.37",55,31.0914,0
"213.121.212.235",506,1771.61,1
"82.241.93.231",63,10.7129,0
"78.1.178.19",59,161.163,0
"122.62.154.184",90,31.895,0
"112.119.7.240",57,202.578,0
"191.233.64.223",206,1204.4,1
"209.54.14.193",52,98.5221,0
"177.19.114.250",77,59.1424,0
"126.111.205.66",59,17.6693,0
"98.223.12.1",60,152.746,0
"205.163.212.20",216,2360.69,1
"91.100.102.144",73,62.4047,0
"64.132.154.18",195,1728.75,0
"125.224.185.107",52,29.1329,0
"83.134.164.79",56,53.5224,0
"70.94.101.114",147,18.6787,0
"38.108.8.21",364,802.058,1
"65.55.5.69",1771,355.494,1
"114.89.245.100",50,7.57371,0
"74.170.168.170",50,39.7584,0
"222.54.208.194",131,74.2141,0
"124.156.65.148",63,963.145,0
"189.219.30.247",51,164.538,0
"37.215.120.92",96,128.817,0
"188.32.202.102",107,137.695,0
"62.156.30.142",54,14.8546,0
"124.148.142.35",63,13.3829,0
"188.86.107.128",77,17.3622,0
"75.86.137.103",131,250.742,0
"82.80.215.205",968,541.556,1
"82.80.215.204",655,687.692,1
"188.100.28.125",55,92.5015,0
"76.218.46.169",203,302.218,0
"78.18.85.92",58,35.579,0
"24.5.123.182",74,32.358,0
"195.27.248.37",1674,378.889,1
"203.199.114.254",117,2217.97,1
"109.12.220.227",69,39.6575,0
"195.156.148.74",1247,437.903,1
"195.156.148.73",1462,491.02,1
"87.229.9.46",59,136.339,0
"106.51.146.3",54,53.9804,0
"66.249.79.67",245,1990.18,1
"95.153.169.52",64,77.7671,0
"119.118.83.164",71,229.959,1
"77.101.83.15",161,116.813,0
"142.162.180.124",53,62.2564,0
"88.240.55.189",50,76.1759,0
"86.167.83.37",79,26.9894,0
"108.67.52.54",105,10.3474,0
"100.0.7.105",59,180.103,0
"87.143.120.199",224,33.5413,0
"66.249.88.224",169,953.241,0
"79.46.201.135",66,51.843,0
"178.136.20.94",61,41.7698,0
"78.151.154.56",53,35.9086,0
"77.194.165.100",77,32.8078,0
"79.49.237.39",57,85.7009,0
"78.161.196.171",56,262.527,0
"79.182.125.32",164,3.72156,0
"83.149.35.111",68,6.32987,0
"86.196.101.93",52,93.1757,0
"24.114.50.195",50,84.6782,0
"200.49.206.195",63,2092.45,0
"1.204.39.99",196,24.2022,0
"84.59.75.227",321,8.91544,0
"37.239.47.18",158,2027.66,0
"96.43.34.87",80,94.489,0
"79.152.23.43",52,82.1153,0
"125.33.75.160",250,76.2785,0
"124.253.34.185",53,14.309,0
"84.85.77.6",56,128.563,0
"93.215.137.200",86,50.3755,0
"83.152.45.145",134,167.162,0
"202.156.9.252",192,216.991,0
"211.210.242.106",56,67.2994,0
"63.241.199.156",4850,194.954,1
"107.196.126.83",75,143.639,0
"94.225.133.244",67,98.5677,0
"108.41.237.204",50,22.7282,0
"94.43.1.146",852,442.468,1
"143.88.0.215",50,142.107,0
"190.48.57.211",130,60.4227,0
"50.90.205.36",64,146.652,0
"186.151.72.187",60,20.0484,0
"185.26.182.37",70,2339.86,0
"205.139.97.248",286,1521.36,1
"81.209.173.194",436,736.756,1
"212.243.41.137",397,2269.58,1
"92.63.245.245",94,185.649,0
"80.120.171.133",1517,371.918,1
"124.179.68.174",106,22.241,0
"212.243.41.138",330,3064.32,1
"204.176.100.28",620,1129.2,1
"187.155.113.217",69,19.6119,0
"204.101.162.70",1048,915.159,1
"204.101.162.71",647,662.68,1
"193.188.198.2",189,783.379,0
"126.77.247.83",52,34.2736,0
"5.167.161.128",152,67.262,0
"222.150.159.25",59,257.606,0
"78.235.16.76",98,71.6127,0
"67.242.14.249",133,84.4681,0
"65.170.58.201",983,471.879,1
"76.121.94.114",67,42.3684,0
"212.31.251.90",1401,826.604,1
"98.240.229.179",84,12.8882,0
"68.151.210.129",57,195.99,0
"85.168.116.43",51,350.581,0
"187.72.191.164",547,14.7683,0
"151.40.164.104",50,218.42,0
"158.104.221.82",55,126.023,0
"94.123.140.223",627,61.596,0
"120.58.172.126",57,7.39855,0
"93.103.150.154",64,137.583,0
"176.250.90.164",53,909.597,0
"1.171.56.196",61,25.7724,0
"83.173.161.250",57,48.5293,0
"201.67.69.169",63,154.416,0
"5.42.196.58",62,128.061,0
"80.188.215.123",51,48.8762,0
"131.107.159.51",92,164.542,0
"139.4.34.50",346,719.076,1
"178.134.39.6",839,445.332,1
"78.8.5.223",61,63.8804,0
"89.189.71.237",101,163.394,0
"95.7.218.207",79,66.5087,0
"99.72.52.243",57,94.474,0
"190.21.90.97",109,62.1333,0
"188.66.243.196",69,137.249,0
"60.11.87.29",72,1.43855,0
"187.232.118.204",57,29.9732,0
"64.233.172.120",111,2846.18,1
"173.16.199.199",71,25.8577,0
"1.21.117.17",87,40.3904,0
"71.172.206.120",85,17.5044,0
"95.35.93.75",71,2.26256,0
"180.216.110.160",441,283.842,0
"1.169.183.253",52,52.0789,0
"114.183.13.148",68,234.834,0
"84.155.218.144",145,116.394,0
"39.232.115.18",102,37.6966,0
"81.198.37.238",59,8.18906,0
"173.59.86.35",55,24.9055,0
"71.241.231.168",63,32.7235,0
"76.107.99.93",53,31.727,0
"173.67.112.233",60,0.812146,0
"218.232.252.21",68,4403.95,1
"91.244.168.126",190,21.152,0
"218.222.5.1",58,90.1826,0
"5.64.62.242",54,230.496,0
"210.210.64.8",55,5501.73,1
"50.187.56.12",127,114.984,0
"93.105.82.213",51,87.2207,0
"201.223.140.2",52,298.408,0
"106.107.115.205",80,20.1987,0
"119.1.170.92",120,68.2937,0
"124.121.185.253",65,237.581,0
"68.68.96.8",65,148.472,0
"200.232.235.198",75,161.624,0
"77.122.47.200",75,66.8358,0
"27.205.81.210",167,130.469,0
"218.164.105.80",54,20.5858,0
"91.200.237.140",58,212.108,0
"183.72.213.13",56,165.182,0
"83.139.134.131",74,10.5711,0
"193.205.57.50",199,3815.35,1
"177.128.87.2",86,12.9697,0
"99.7.85.94",84,2062.61,0
"83.250.52.101",60,130.021,0
"2.28.81.96",50,187.397,0
"186.233.174.145",144,29.8541,0
"178.221.183.162",62,88.4836,0
"118.100.127.0",97,4.34194,0
"190.255.121.6",77,22.373,0
"77.167.150.67",89,253.044,0
"157.55.39.101",50,4351.66,1
"120.204.200.83",63,5997.79,0
"87.7.236.78",52,8.95746,0
"84.148.23.237",51,360.952,0
"2.24.81.83",114,132.676,0
"99.250.229.72",72,50.5984,0
"2.246.44.29",94,10.7118,0
"77.99.173.158",91,23.0898,0
"63.241.131.196",4097,211.516,1
"213.152.137.74",1154,920.758,1
"191.220.77.12",102,30.1569,0
"212.123.241.180",231,1530.22,1
"180.166.15.2",95,34.94,0
"206.31.247.232",399,1557.94,1
"216.253.230.130",61,111.674,0
"157.130.216.194",2647,265.981,1
"93.80.87.147",112,103.109,0
"85.168.17.124",198,42.9497,0
"24.20.191.231",58,56.7454,0
"5.239.46.78",62,73.4712,0
"37.77.48.197",55,13.1017,0
"219.62.23.70",168,123.836,0
"116.39.0.242",80,9.39024,0
"108.28.112.90",72,170.588,0
"62.50.15.130",1224,383.014,1
"178.134.146.58",836,441.484,1
"78.246.129.205",52,13.8097,0
"31.17.43.212",90,53.663,0
"209.82.52.82",242,2145.25,0
"130.117.41.50",981,547.743,1
"130.117.41.51",824,579.66,1
"94.187.146.147",96,31.7859,0
"66.249.79.214",241,2005.71,1
"198.22.122.179",91,3552.87,0
"198.22.122.178",87,2984.3,0
"206.188.155.207",57,75.5753,0
"218.54.132.42",66,129.412,0
"2.84.252.173",66,86.958,0
"180.40.128.44",137,142.554,0
"218.220.112.117",53,5.55007,0
"64.78.157.97",80,4667.01,0
"109.61.208.51",73,167.425,0
"4.78.145.106",1313,246.373,1
"65.170.58.222",396,860.72,1
"88.251.44.138",83,33.6244,0
"108.252.229.155",91,6487.13,0
"189.15.220.166",95,14.7525,0
"50.180.29.71",239,4.41473,0
"46.188.28.81",140,140.618,0
"180.61.218.62",134,1590.21,0
"84.124.136.218",70,134.198,0
"125.25.19.248",57,27.413,0
"83.29.87.254",58,27.9587,0
"176.61.66.78",51,158.674,0
"186.146.232.64",103,75.53,0
"71.104.0.240",128,83.5817,0
"176.71.103.47",152,12.4444,0
"66.249.93.80",489,888.512,1
"185.23.226.129",117,73.8964,0
"72.165.69.31",1090,488.535,1
"69.112.212.34",68,20.8098,0
"79.179.102.111",160,79.4376,0
"110.166.118.58",56,45.8693,0
"71.62.189.43",85,73.6739,0
"89.70.109.67",50,537.418,0
"79.170.54.210",88,171.864,0
"76.22.73.236",53,123.882,0
"86.146.72.177",64,128.531,0
"142.68.241.1",57,61.1078,0
"108.249.162.169",120,105.185,0
"90.200.199.141",85,138.095,0
"123.17.1.154",60,68.1989,0
"98.216.78.255",119,202.76,0
"24.107.72.199",66,34.6504,0
"14.139.196.4",72,25.2882,0
"46.255.146.219",71,35.3856,0
"179.49.122.233",64,151.692,0
"80.134.71.196",65,19.0673,0
"78.245.48.53",180,17.6537,0
"86.196.242.134",113,4.92158,0
"65.54.166.116",1146,451.862,1
"65.54.166.117",1166,456.396,1
"125.40.213.47",58,91.6057,0
"101.111.249.66",73,60.3755,0
"183.44.116.203",125,55.6264,0
"5.49.120.229",53,21.4112,0
"91.83.95.55",131,131.46,0
"188.54.93.99",118,36.3273,0
"220.253.80.111",59,40.1238,0
"66.249.79.54",221,2204.74,1
"189.235.242.248",71,53.3995,0
"66.249.80.8",119,2362.96,1
"65.55.240.228",1498,408.855,1
"81.220.180.19",58,44.071,0
"65.55.240.229",266,1358.24,1
"65.87.40.143",194,44.8998,0
"92.13.49.142",105,160.542,0
"72.218.55.78",69,58.4437,0
"180.170.23.158",76,5.54057,0
"92.245.5.152",50,105.204,0
"70.125.30.2",57,75.6013,0
"189.154.174.198",69,210.725,0
"50.139.151.113",63,229.088,0
"202.177.206.134",1047,594.233,1
"216.232.192.214",94,51.0847,0
"187.2.16.143",68,52.2718,0
"83.23.101.6",348,38.447,0
"91.156.181.125",68,97.5507,0
"182.66.161.2",58,57.944,0
"74.57.161.5",144,9.5255,0
"115.239.212.8",56,4523.45,1
"85.150.226.159",55,12.5077,0
"176.193.27.191",50,40.0182,0
"143.176.64.83",83,140.306,0
"1.52.105.46",88,119.853,0
"222.65.67.31",132,96.8227,0
"91.142.156.86",70,19.7308,0
"115.239.212.6",70,6169.33,1
"80.119.179.43",163,53.7512,0
"219.90.107.227",94,9.28862,0
"89.170.106.199",63,59.0368,0
"174.100.50.40",65,10.258,0
"125.91.195.142",59,36.3105,0
"177.44.173.85",64,220.997,0
"79.100.103.217",325,11.9583,0
"93.214.255.164",57,51.9735,0
"116.76.65.213",226,85.7176,0
"23.243.89.62",54,231.147,0
"69.1.20.205",53,133.681,0
"83.213.136.130",86,2.19007,0
"91.177.155.199",88,33.3272,0
"95.19.143.185",110,7.71848,0
"67.172.168.210",54,84.5109,0
"202.177.206.196",516,878.644,1
"66.249.85.96",74,5667.4,1
"192.227.247.9",67,5199.46,1
"82.173.188.33",58,35.5691,0
"121.92.72.226",58,61.2791,0
"93.208.60.184",65,15.0527,0
"131.107.147.162",74,3506.07,0
"208.254.44.31",194,1824.91,1
"208.254.44.30",805,1034.22,1
"37.119.232.45",77,41.9878,0
"77.74.13.27",50,41.0351,0
"98.223.98.154",60,21.2618,0
"87.109.37.93",165,110.234,0
"5.228.40.243",61,75.347,0
"74.128.155.187",107,59.8798,0
"84.120.129.48",94,31.8609,0
"221.180.97.242",200,487.36,0
"79.20.149.59",125,16.6079,0
"58.45.252.9",74,161.934,0
"67.247.234.42",98,584.873,0
"216.193.136.135",101,30.228,0
"194.65.49.167",1569,403.589,1
"200.150.148.212",572,567.869,1
"174.117.126.76",53,12.8771,0
"65.93.157.119",100,88.6072,0
"173.60.158.175",60,19.5499,0
"27.131.209.50",61,17.9922,0
"173.26.7.57",74,204.899,0
"188.30.27.221",50,48.6477,0
"122.161.71.155",106,6.02771,0
"5.13.1.169",86,24.5297,0
"181.239.37.53",99,81.3938,0
"96.255.251.219",59,53.5178,0
"92.153.148.141",61,110.34,0
"125.182.231.47",154,1022.9,0
"71.171.37.78",66,51.0665,0
"85.108.62.166",77,56.4465,0
"113.172.36.100",83,7.5774,0
"120.2.55.102",64,36.5407,0
"66.249.79.99",219,2053.3,1
"168.94.238.128",62,4051.83,0
"84.172.226.162",116,9.35251,0
"67.61.109.44",52,176.18,0
"194.228.32.157",66,4.80375,0
"24.88.78.206",92,139.394,0
"188.169.162.178",808,462.346,1
"24.22.140.76",53,148.78,0
"77.122.130.87",125,171.496,0
"203.135.217.126",190,78.9697,0
"110.171.13.107",75,892.64,0
"184.180.237.34",66,226.882,0
"41.96.126.150",103,208.994,0
"189.74.163.110",85,25.8413,0
"161.51.11.2",68,215.656,0
"99.224.244.216",120,155.846,0
"223.225.235.192",86,155.843,0
"24.23.184.212",86,2.58593,0
"86.10.184.90",54,20.3958,0
"108.16.114.152",61,24.3879,0
"213.214.55.111",53,144.236,0
"14.97.28.33",56,17.1577,0
"70.140.117.124",64,221.86,0
"194.170.173.113",88,10.4543,0
"197.214.116.29",62,9.48978,0
"213.39.49.83",1365,1156.52,1
"213.39.49.82",1936,401.124,1
"193.126.147.5",69,244.024,0
"212.59.252.132",52,200.279,0
"200.57.142.187",1681,398.878,1
"86.182.40.220",64,50.5745,0
"122.62.72.167",80,100.264,0
"59.158.225.130",95,131.245,0
"203.106.154.35",79,40.1734,0
"82.48.75.29",73,10.2358,0
"191.242.108.126",50,48.4453,0
"14.161.18.178",74,41.3866,0
"110.7.188.211",76,27.4223,1
"93.115.84.195",124,44.1371,0
"77.28.70.102",165,34.644,0
"78.115.217.166",85,2.14798,0
"92.233.83.44",54,268.585,0
"80.120.171.134",1524,367.151,1
"223.132.65.223",54,14.3443,0
"95.106.4.159",127,104.933,0
"101.140.207.175",75,48.6547,0
"41.13.164.71",137,20.6235,0
"221.181.34.201",54,2046.28,0
"78.176.255.219",61,112.873,0
"1.243.215.227",144,145.458,0
"146.101.166.66",1685,326.644,1
"24.32.68.118",65,34.0076,0
"122.30.198.87",72,142.423,0
"50.162.41.118",88,120.655,0
"94.109.125.140",57,1.87551,0
"68.82.65.106",68,106.564,0
"85.207.89.194",168,31.6544,0
"166.216.157.29",150,4.42185,0
"200.119.89.42",50,13.2313,0
"180.179.46.2",245,874.807,1
"184.76.2.95",108,52.6264,0
"182.186.128.185",57,59.3555,0
"201.141.24.160",67,177.154,0
"178.134.146.42",848,440.271,1
"219.92.132.5",61,11.6158,0
"222.73.109.49",70,5867.63,1
"222.73.109.48",74,6168.48,1
"82.132.220.10",50,848.983,0
"125.100.215.66",52,4804.23,1
"213.24.125.43",83,22.3432,0
"108.82.246.219",70,40.2716,0
"208.10.51.46",384,1329.57,1
"68.104.126.27",59,126.857,0
"66.249.79.201",256,2089.56,1
"23.99.96.244",5236,193.034,1
"182.186.5.170",50,31.8847,0
"125.234.72.215",66,25.5947,0
"115.176.17.28",81,9.41409,0
"126.13.169.150",61,43.2482,0
"68.63.106.89",65,260.129,0
"216.185.35.241",57,158.106,0
"82.229.75.25",61,14.5759,0
"82.123.135.27",64,32.7667,0
"66.41.254.254",97,20.8059,0
"95.91.250.213",50,9096.88,0
"70.184.236.27",98,103.784,0
"182.167.127.15",70,57.6902,0
"27.100.159.213",87,80.778,0
"123.125.71.137",76,3733.66,1
"125.116.89.205",82,108.731,0
"218.41.174.123",54,17.2619,0
"67.164.229.100",65,25.0251,0
"148.243.216.18",445,706.515,1
"173.169.29.44",57,194.349,0
"121.220.151.230",51,66.8304,0
"190.160.240.97",50,142.534,0
"200.199.154.134",184,93.7189,0
"216.52.163.193",1066,991.897,1
"66.50.195.25",56,21.8648,0
"83.155.240.187",64,169.664,0
"94.219.55.245",73,76.5791,0
"167.1.173.30",119,1818.88,0
"66.249.81.80",172,2229.02,1
"24.9.65.81",85,21.4821,0
"177.225.115.149",86,179.27,0
"67.190.161.95",50,263.183,0
"202.177.206.200",1477,497.647,1
"121.170.174.165",59,60.0087,0
"119.30.42.84",90,5810.15,1
"105.224.75.213",64,24.7058,0
"92.13.112.206",50,64.8716,0
"122.238.253.2",50,151.17,0
"37.4.112.127",111,88.0218,0
"117.207.189.91",52,58.4679,0
"87.157.64.146",57,103.832,0
"216.232.32.120",88,40.6646,0
"64.58.50.3",238,19.7543,0
"92.27.231.67",55,200.664,0
"111.101.121.172",86,1181.68,0
"190.225.214.105",77,116.164,0
"94.122.31.64",103,6.20951,0
"202.213.176.56",198,247.32,0
"31.34.245.161",62,53.7714,0
"184.170.116.10",61,58.9302,0
"1.195.192.100",62,42.8985,1
"41.38.213.229",84,173.589,0
"157.55.193.143",472,331.42,0
"208.54.38.160",53,40.0991,0
"66.249.79.41",230,1836.33,1
"115.112.211.39",486,643.93,1
"46.0.13.153",51,8.66819,0
"77.223.90.228",145,109.516,0
"69.158.137.88",59,31.2178,0
"86.137.177.220",180,79.6164,0
"202.188.30.218",1066,910.748,1
"197.33.150.158",56,7.67014,0
"58.183.23.107",67,31.3636,0
"211.218.125.105",1073,1176.81,1
"72.238.35.179",51,19.3711,0
"68.109.111.129",69,55.976,0
"173.3.126.103",72,25.8731,0
"211.218.125.104",763,888.08,1
"69.245.27.151",84,173.652,0
"186.53.222.206",52,118.737,0
"84.196.131.113",97,102.208,0
"74.108.152.222",54,167.733,0
"76.174.59.159",52,102.065,0
"83.30.224.128",54,26.1075,0
"212.36.72.102",269,2288.64,1
"189.71.17.75",52,155.586,0
"181.55.211.133",183,26.7575,0
"61.120.156.84",2887,257.588,1
"61.120.156.83",1756,327.749,1
"180.36.92.48",85,36.7292,0
"109.18.241.129",50,80.123,0
"63.236.106.33",388,930.655,1
"201.222.146.110",169,25.5667,0
"63.236.106.31",592,715.738,1
"63.236.106.30",877,565.822,1
"63.236.106.34",211,1360.37,1
"100.40.131.65",52,169.446,0
"218.74.10.255",105,1.98848,0
"99.36.171.190",60,76.4961,0
"115.119.113.194",120,5309,1
"77.98.232.129",102,4.24405,0
"115.197.193.184",54,155.916,0
"192.0.152.245",54,12.724,0
"67.0.222.187",51,151.163,0
"78.94.64.91",61,215.817,0
"92.136.34.174",60,17.4446,0
"128.79.241.54",77,50.5408,0
"207.46.13.18",60,3645.12,1
"95.14.107.206",68,182.47,0
"182.64.232.107",70,13.3106,0
"71.62.104.49",57,225.927,0
"212.243.41.153",422,1916.89,1
"66.249.80.101",137,2221.89,1
"89.169.85.120",70,172.907,0
"94.5.216.229",65,38.0739,0
"189.41.62.75",112,117.932,0
"77.255.198.116",77,8.84199,0
"200.68.19.243",117,2203,1
"138.91.158.209",4527,214.179,1
"213.20.244.56",80,4130.4,1
"190.78.34.93",967,0.508062,0
"123.63.144.122",52,47.6376,0
"186.208.78.77",539,96.3649,0
"87.253.48.206",843,442.652,1
"200.198.16.54",77,118.604,0
"89.246.80.90",459,685.104,1
"68.46.122.251",58,91.6671,0
"80.174.229.21",61,195.053,0
"65.170.58.197",635,538.813,1
"65.170.58.196",672,596.508,1
"65.170.58.195",771,524.353,1
"65.170.58.194",855,520.975,1
"93.228.105.58",81,15.579,0
"68.204.72.141",86,178.325,0
"65.170.58.199",814,492.729,1
"65.170.58.198",266,983.049,1
"208.254.44.26",335,1320.45,1
"208.254.44.24",157,2605.33,1
"173.69.48.211",51,18.5062,0
"203.185.191.151",286,959.29,1
"171.97.15.68",52,24.3226,0
"112.153.123.72",59,357.825,0
"203.105.73.50",1679,524.385,1
"87.112.130.249",216,77.6371,0
"202.59.16.106",60,98.1142,0
"99.139.153.39",50,53.4199,0
"98.209.242.186",95,3.00851,0
"92.8.144.189",50,218.01,0
"31.146.1.26",847,441.555,1
"113.12.12.25",60,149.012,0
"86.186.173.176",92,75.3566,0
"81.39.153.12",95,97.4482,0
"190.85.86.78",69,19.7494,0
"213.87.139.141",68,13.4099,0
"71.93.129.219",74,69.1419,0
"71.88.198.31",60,121.143,0
"70.138.99.173",78,106.929,0
"95.168.2.115",53,17.833,0
"84.28.145.125",50,168.048,0
"201.66.3.125",63,51.2995,0
"83.83.31.103",53,21.4207,0
"96.23.183.13",98,83.8088,0
"99.110.229.143",80,141.701,0
"24.170.229.212",82,101.497,0
"50.174.166.72",72,6.63788,0
"183.184.76.13",68,8.42119,0
"77.100.82.124",137,115.422,0
"194.126.98.132",52,407.279,0
"168.94.238.130",107,2025.93,0
"2.100.242.177",203,3.65371,0
"179.235.101.200",53,21.7052,0
"200.82.92.149",73,53.9899,0
"117.220.184.203",54,273.798,0
"27.29.206.144",108,18.7198,0
"185.5.61.218",59,248.722,0
"119.225.214.12",153,1624.72,1
"186.241.227.116",54,7.64321,0
"119.225.214.11",287,945.695,1
"187.206.203.239",94,159.568,0
"204.50.21.2",571,1447.28,1
"110.245.9.62",64,269.329,1
"92.29.189.255",73,57.6238,0
"88.18.159.153",97,72.4147,0
"190.226.129.194",61,91.4274,0
"78.190.201.6",58,222.94,0
"197.225.46.55",104,135.421,0
"125.92.22.93",98,14.2531,0
"213.109.130.199",79,87.6213,0
"112.203.21.235",63,11.227,0
"95.26.209.131",74,157.724,0
"218.252.140.84",97,37.4128,0
"208.158.244.195",2307,457.788,1
"86.5.78.237",58,58.2262,0
"41.13.128.27",52,73.8304,0
"191.239.8.130",382,1083.89,1
"128.73.155.26",251,3.70116,0
"173.171.26.85",61,56.7572,0
"149.200.132.57",53,15.1879,0
"219.79.135.170",66,64.4866,0
"96.29.68.126",54,60.9151,0
"62.16.180.75",83,210.759,0
"187.78.66.36",161,40.8491,0
"70.176.197.39",68,76.1648,0
"5.28.82.132",68,44.5694,0
"66.249.93.4",441,1123.26,1
"1.120.178.248",151,13.3942,0
"97.88.163.73",64,35.75,0
"173.219.173.237",76,102.977,0
"66.249.93.2",312,1298.85,1
"90.214.134.13",74,26.0876,0
"201.170.87.222",62,131.713,0
"199.188.58.179",139,27.8682,0
"197.37.7.59",57,25.0198,0
"80.141.50.62",52,76.103,0
"189.133.224.233",57,26.2845,0
"89.72.87.72",255,30.3828,0
"50.243.250.253",55,303.734,0
"72.200.142.46",119,112.358,0
"65.214.32.61",2184,289.695,1
"79.107.6.157",100,28.9609,0
"79.75.215.13",50,18.0515,0
"171.255.33.58",102,13.9431,0
"58.142.33.247",84,0.854997,0
"76.120.80.228",67,168.54,0
"99.168.121.220",107,30.0089,0
"70.162.103.231",70,213.417,0
"73.180.198.237",50,15186.5,1
"84.150.104.52",79,20.6775,0
"121.189.37.50",112,4099.24,1
"37.8.58.46",247,13.87,0
"81.207.190.149",86,0.546774,0
"95.237.101.209",167,93.0949,0
"95.241.178.130",59,96.1108,0
"75.87.189.68",107,186.013,0
"66.249.82.106",89,3423.07,1
"190.135.171.10",51,139.011,0
"58.106.242.212",51,32.6339,0
"92.20.208.77",98,41.3989,0
"220.9.70.78",68,57.315,0
"66.44.124.148",51,73.8184,0
"66.249.80.36",86,2074.42,0
"63.251.169.138",4793,194.931,1
"71.92.123.58",54,85.5753,0
"120.144.68.115",60,112.235,0
"117.208.38.77",55,28.0698,0
"71.197.10.214",81,18.6909,0
"188.169.162.34",804,493.713,1
"50.240.212.217",75,5256.29,1
"139.6.130.31",57,94.552,0
"97.104.225.218",92,226.565,0
"182.249.246.35",60,990.201,0
"148.243.73.22",2831,258.213,1
"96.250.186.214",52,15.6545,0
"148.243.73.24",2573,275.063,1
"66.249.79.163",180,2325.64,1
"117.174.51.32",70,48.1217,0
"67.173.173.155",84,221.088,0
"173.2.48.161",65,7.00105,0
"86.158.232.133",56,193.063,0
"189.56.106.5",52,2866.98,0
"116.202.198.91",71,4.24093,0
"98.192.184.180",91,6.85065,0
"69.22.99.204",58,81.5014,0
"196.35.68.155",818,1417.18,1
"196.35.68.154",1176,549.841,1
"222.214.238.62",84,127.469,0
"82.231.2.197",51,1381.6,0
"50.72.38.51",78,47.6237,0
"14.202.32.172",61,11.4178,0
"200.140.59.165",68,204.931,0
"190.0.7.66",62,22.0807,0
"42.116.86.33",55,36.3429,0
"188.169.162.202",822,449.146,1
"98.110.162.8",67,67.3762,0
"64.240.149.210",328,1006.34,1
"205.163.212.16",389,1797,1
"205.163.212.15",315,1334.76,1
"80.111.116.215",53,38.3555,0
"49.240.171.38",127,10.2518,0
"89.135.2.68",77,61.4042,0
"205.163.212.11",334,1349.11,1
"90.187.209.190",65,156.056,0
"24.98.41.45",60,82.976,0
"205.163.212.19",515,1528.87,1
"205.163.212.18",316,1657.12,1
"201.43.42.90",70,25.5509,0
"202.220.239.14",165,131.582,0
"80.116.23.240",73,244.993,0
"86.168.116.228",136,64.149,0
"91.88.252.116",111,44.5939,0
"200.43.181.74",160,76.4344,0
"71.202.140.126",130,102.152,0
"200.158.51.10",66,27.5078,0
"83.9.142.181",56,74.105,0
"182.108.232.234",57,124.733,0
"79.103.113.46",101,9.16461,0
"189.238.169.1",51,100.586,0
"188.169.162.190",796,538.047,1
"217.42.170.134",50,112.339,0
"88.219.191.213",79,73.4699,0
"198.5.135.27",2170,335.3,1
"79.103.226.92",52,159.131,0
"78.169.234.64",192,53.984,0
"114.17.94.31",58,5631.91,1
"118.8.227.174",55,55.1326,0
"104.40.130.78",4977,198.544,1
"188.217.236.7",56,63.0696,0
"157.55.39.59",72,2894.05,1
"181.54.221.22",55,33.4104,0
"119.118.202.53",252,19.2616,0
"123.221.3.48",155,31.0773,0
"189.130.42.22",70,26.1003,0
"193.129.103.78",187,1011.74,1
"86.207.71.97",88,19.8998,0
"179.176.1.138",140,10.776,0
"124.149.69.141",62,100.059,0
"177.179.49.11",73,14.2312,0
"63.236.106.26",510,834.212,1
"63.236.106.27",435,752.69,1
"77.230.123.108",80,59.8271,0
"92.104.20.101",107,39.7211,0
"63.236.106.28",844,567.25,1
"63.236.106.29",934,585.618,1
"189.89.30.205",51,215.666,0
"184.155.45.222",51,49.1416,0
"83.191.76.75",52,35.0772,0
"94.12.138.194",57,92.9762,0
"202.12.83.41",68,232.74,0
"93.219.45.198",51,295.778,0
"86.164.133.96",69,113.465,0
"86.22.0.25",104,97.4457,0
"187.67.241.222",528,85.7243,0
"69.253.227.221",56,19.9151,0
"63.211.22.50",368,936.56,1
"63.211.22.51",728,622.732,1
"92.201.157.75",57,169.309,0
"63.211.22.53",997,451.848,1
"63.211.22.54",579,613.994,1
"63.211.22.55",441,715.392,1
"63.211.22.57",314,867.303,1
"41.78.195.4",144,31.3455,0
"14.55.89.47",187,32.4743,0
"77.102.34.210",59,85.4683,0
"84.194.75.138",56,109.872,0
"99.103.25.193",66,38.7696,0
"76.173.147.22",93,196.63,0
"189.187.39.83",103,53.5422,0
"41.236.168.137",63,521.551,0
"109.128.90.146",60,54.7431,0
"95.111.101.194",155,127.188,0
"87.21.103.177",80,101.999,0
"188.80.231.132",65,3.34419,0
"188.169.44.126",808,472.514,1
"5.152.122.2",900,362.063,1
"58.98.171.88",65,211.069,0
"118.121.141.77",79,8.58217,0
"120.198.244.23",74,5015.9,1
"50.125.99.162",65,86.6223,0
"41.67.80.252",61,143.654,0
"91.200.113.225",367,32.8887,0
"98.231.63.66",104,78.7407,0
"86.52.73.172",103,61.5666,0
"74.130.227.47",68,6.27707,0
"77.43.175.38",70,25.1826,0
"107.211.248.12",54,28.0517,0
"76.181.217.243",174,173.892,0
"72.220.74.35",62,12.3461,0
"4.35.219.26",1071,338.353,1
"124.123.73.187",65,270.298,0
"93.72.4.27",101,131.251,0
"41.74.213.210",52,38.4397,0
"179.250.214.60",53,253.845,0
"187.150.88.144",95,178.812,0
"89.189.191.12",62,12.8606,0
"123.5.139.118",60,43.9525,1
"177.96.192.12",80,13.8779,0
"91.144.151.65",51,15.4403,0
"117.3.192.83",76,37.2035,0
"116.50.67.102",179,33.0983,0
"1.193.81.103",53,52.6682,1
"91.183.184.58",443,678.483,1
"180.28.60.8",53,31.7709,0
"123.0.69.18",65,220.158,0
"187.243.132.232",88,104.922,0
"188.81.194.132",54,205.773,0
"65.216.115.73",2374,282.141,1
"110.168.56.40",51,1597.81,0
"108.16.23.190",57,10.852,0
"178.36.193.144",99,7.52384,0
"5.245.162.8",83,84.8679,0
"86.179.139.7",161,106.117,0
"71.118.186.93",76,131.891,0
"222.233.184.8",54,7.72314,0
"178.200.12.169",51,63.2366,0
"148.240.64.118",75,11.6077,0
"98.19.66.119",60,31.9227,0
"212.185.214.208",86,14.8337,0
"41.69.83.209",56,93.8449,0
"201.141.43.131",138,146.702,0
"5.152.122.6",956,364.975,1
"5.102.104.7",56,89.5164,0
"83.7.227.189",68,126.733,0
"108.92.161.172",75,47.0997,0
"217.123.133.250",90,57.6803,0
"24.255.163.69",53,66.5861,0
"63.236.106.32",295,1028.27,1
"117.222.61.188",65,85.9914,0
"83.27.71.98",85,16.2014,0
"87.64.21.115",70,27.4561,0
"71.218.203.121",104,8.33313,0
"95.60.32.58",94,69.5223,0
"212.88.19.198",77,22.7557,0
"60.55.9.131",70,55.5365,0
"121.170.244.102",91,161.512,0
"60.55.9.133",100,18.9786,0
"42.48.96.212",54,31.184,0
"99.62.20.60",53,11.2944,0
"75.135.217.91",56,10.5055,0
"68.63.254.98",136,167.615,0
"106.208.236.207",98,57.4351,0
"88.228.178.56",166,21.3661,0
"84.135.86.26",62,80.0501,0
"91.114.179.152",72,180.692,0
"112.209.64.222",91,16.9506,0
"70.208.21.233",62,362.322,0
"193.226.252.173",60,35.4411,0
"4.35.219.22",781,369.278,1
"2.190.195.152",57,141.337,0
"23.119.134.38",61,88.2475,0
"49.184.41.134",61,164.377,0
"180.183.180.185",57,147.237,0
"4.35.219.21",238,681.897,1
"159.115.4.76",54,255.108,0
"151.46.239.49",52,38.0638,0
"50.142.228.22",82,38.0827,0
"131.107.174.168",556,401.114,0
"71.84.170.96",97,51.446,0
"83.109.219.1",55,313.357,0
"177.33.219.75",59,9.92464,0
"113.53.189.170",61,1878.13,0
"76.91.92.156",63,19.5456,0
"175.184.68.187",77,13.2353,0
"71.21.180.137",52,124.897,0
"49.48.98.40",127,72.2212,0
"166.216.157.47",82,4.1325,0
"82.117.130.20",106,133.942,0
"173.58.219.142",111,99.781,0
"2.225.252.181",85,63.8854,0
"179.157.28.122",59,38.1677,0
"122.94.221.223",57,118.551,0
"68.60.78.23",73,92.9237,0
"31.146.135.78",836,442.046,1
"178.134.146.66",839,442.007,1
"84.99.117.182",58,146.543,0
"50.80.213.73",74,4.20166,0
"78.1.101.124",59,65.0101,0
"98.160.111.91",69,138.87,0
"211.20.179.1",207,1480.11,1
"184.59.112.14",50,133.616,0
"173.89.165.3",62,175.478,0
"81.135.20.163",121,3.62304,0
"75.175.53.186",50,40.1213,0
"119.240.106.241",68,35.6824,0
"179.234.149.238",57,58.726,0
"180.4.33.133",69,25.6914,0
"164.127.212.65",71,22.9859,0
"90.148.254.82",72,123.946,0
"66.249.80.26",93,3492.7,1
"65.117.78.92",184,1229.35,1
"65.117.78.93",258,930.957,1
"65.117.78.94",187,1261.02,1
"65.117.78.95",227,965.451,1
"65.117.78.96",342,896.964,1
"65.117.78.97",150,1471.22,1
"65.117.78.98",189,1654.43,1
"65.117.78.99",898,571.803,1
"95.25.73.180",150,66.4459,0
"178.92.116.67",54,17.2983,0
"87.78.113.196",56,210.858,0
"81.251.136.252",124,31.8613,0
"183.178.193.62",125,83.9392,0
"83.57.25.108",50,247.029,0
"61.198.177.28",146,40.7523,0
"109.217.242.24",51,12.725,0
"96.41.59.245",123,30.9418,0
"186.37.203.43",52,11.3273,0
"109.214.3.198",50,32.4781,0
"108.228.175.83",83,187.279,0
"186.52.167.242",51,618.746,0
"209.235.30.156",123,2039.4,1
"89.144.139.95",57,80.8996,0
"200.1.104.98",70,293.981,0
"210.255.112.82",53,213.918,0
"62.32.136.138",51,124.89,0
"98.234.57.79",73,34.0879,0
"1.86.80.9",74,113.55,1
"37.190.37.114",100,1079.57,0
"119.159.179.255",69,237.229,0
"81.210.53.2",56,79.6711,0
"46.181.149.103",69,25.9416,0
"200.105.142.95",267,134.317,0
"90.19.41.15",69,118.749,0
"82.105.203.198",66,17.5703,0
"95.27.38.85",123,15.9853,0
"90.34.29.101",146,1636,0
"176.21.234.6",71,117.192,0
"198.153.88.118",63,148.084,0
"24.99.7.122",116,20.5218,0
"212.123.241.179",93,4365.53,1
"213.121.212.236",689,1146.74,1
"151.1.168.129",2165,289.894,1
"187.250.54.249",89,3902.43,0
"201.194.148.165",58,144.837,0
"118.87.16.162",58,118.452,0
"213.121.212.239",640,1530.43,1
"166.167.181.135",57,72.4616,0
"202.90.80.33",154,19.689,0
"109.182.59.142",69,180.067,0
"67.191.130.192",68,73.903,0
"69.104.47.246",52,154.182,0
"87.123.115.138",62,31.1066,0
"77.48.227.33",58,277.696,0
"2.51.4.139",55,25.0966,0
"88.169.11.68",65,76.9923,0
"67.176.248.19",86,63.8563,0
"81.174.250.152",75,181.209,0
"31.162.60.227",53,236.398,0
"70.197.201.1",82,134.066,0
"78.171.64.172",50,87.6597,0
"125.73.161.155",139,87.9307,0
"91.89.214.212",186,78.1733,0
"125.5.117.52",1395,398.617,1
"186.151.60.118",80,73.313,0
"216.152.208.1",271,2045.32,0
"24.105.227.178",75,11.3914,0
"61.3.182.179",248,19.5064,0
"41.132.171.150",152,93.6544,0
"81.1.132.60",62,2275.11,0
"72.208.71.61",215,72.9242,0
"78.229.96.188",67,59.8354,0
"189.252.87.244",63,13.2502,0
"83.86.232.247",66,26.6043,0
"115.22.123.191",69,0.919324,0
"77.97.84.19",80,213.093,0
"157.55.39.43",60,3795.21,1
"90.195.250.213",72,214.507,0
"201.141.229.205",56,279.508,0
"190.203.166.79",59,198.671,0
"182.167.179.158",85,172.061,0
"92.99.57.98",61,26.0694,0
"213.73.186.228",183,166.186,0
"184.151.222.253",50,177.962,0
"62.254.208.177",304,994.614,1
"62.254.208.176",224,1155.99,1
"71.91.112.124",66,34.7818,0
"142.161.237.17",51,33.7963,0
"66.199.166.41",486,861.433,1
"66.199.166.40",1241,520.209,1
"93.172.7.49",66,182.071,0
"90.20.78.92",50,130.881,0
"12.129.197.163",1024,423.108,1
"113.166.69.188",82,101.574,0
"88.102.39.143",113,144.837,0
"114.191.63.80",53,149.035,0
"82.82.77.119",52,26.6962,0
"187.34.8.211",63,129.552,0
"197.224.96.24",56,2.33125,0
"89.75.163.181",177,9.75506,0
"202.156.8.237",109,41.0857,0
"75.93.74.205",65,208.43,0
"79.119.252.99",152,27.3819,0
"84.0.118.35",116,33.5156,0
"4.79.64.50",1971,221.601,1
"114.163.216.222",50,84.9134,0
"110.38.94.137",60,5.51793,0
"95.96.156.195",71,99.7181,0
"189.139.51.242",63,22.6495,0
"218.143.196.81",64,207.101,0
"82.224.19.240",128,17.7712,0
"5.56.154.34",80,21.621,0
"108.129.193.40",66,48.8378,0
"108.4.36.82",59,49.8074,0
"71.60.202.186",67,190.486,0
"121.235.29.100",53,259.653,0
"125.25.187.0",88,6.61452,0
"173.30.64.102",100,116.233,0
"87.162.17.222",102,17.7164,0
"94.43.128.118",836,442.987,1
"116.227.25.244",74,130.728,0
"173.238.200.138",51,174.996,0
"125.25.190.76",84,184.611,0
"85.104.241.1",79,23.9134,0
"217.20.87.254",94,4.12856,0
"178.90.67.89",79,13.9922,0
"78.53.33.171",59,25.8607,0
"68.186.217.50",78,60.2515,0
"115.25.91.7",67,3261.38,0
"181.33.165.212",68,33.0483,0
"24.139.73.99",58,24.7018,0
"217.208.240.174",127,164.628,0
"12.130.69.151",219,1506.91,1
"12.130.69.152",198,1237.56,1
"109.222.1.162",63,96.9869,0
"108.60.208.194",85,6720.41,1
"126.71.13.49",86,32.3573,0
"70.114.137.114",71,35.832,0
"178.82.4.31",70,154.615,0
"75.110.227.88",112,34.6201,0
"75.131.80.232",90,98.4854,0
"205.163.212.27",106,4656.93,1
"94.191.191.238",52,58.7546,0
"213.4.104.72",2416,376.679,1
"121.97.55.222",57,14.1591,0
"122.197.231.124",52,6.66742,0
"216.150.191.2",76,2587.99,0
"121.222.101.7",62,84.5561,0
"85.51.202.182",63,211.433,0
"157.55.39.201",64,2974.05,1
"71.211.5.121",294,810.564,0
"195.116.110.109",55,185.848,0
"66.30.35.42",106,305.48,0
"180.75.214.183",60,182.25,0
"189.124.95.11",118,24.9001,0
"61.112.81.14",61,201.239,0
"84.195.247.53",63,9.43278,0
"79.217.188.31",63,99.7134,0
"99.3.58.86",76,60.6233,0
"67.220.46.44",58,88.1446,0
"208.254.44.22",213,2377.69,1
"68.97.54.157",100,113.709,0
"122.30.220.217",99,15.8713,0
"71.122.241.221",51,60.1132,0
"198.84.206.88",56,40.701,0
"125.179.169.55",81,39.3338,0
"119.154.212.175",121,203.643,0
"178.134.114.152",85,27.1472,0
"75.185.173.22",70,36.0363,0
"24.151.171.213",51,36.6096,0
"124.244.113.72",83,22.0286,0
"188.108.112.130",60,292.135,0
"208.254.44.21",399,1141.65,1
"77.64.234.161",55,19.0976,0
"98.253.157.233",52,67.1151,0
"187.171.237.127",56,2.02676,0
"89.135.11.72",66,153.717,0
"98.233.71.252",148,64.8966,0
"2.103.175.117",78,89.8763,0
"208.254.44.25",481,1016.67,1
"88.84.3.19",124,61.8103,0
"195.146.131.16",78,210.56,0
"41.225.249.225",109,12.2033,0
"142.167.183.246",147,7.52212,0
"218.186.14.216",59,4503.08,0
"218.186.14.211",91,2444.77,0
"114.178.51.159",66,38.9619,0
"87.158.182.33",85,48.0569,0
"184.155.105.142",56,206.725,0
"200.217.63.221",73,17.8198,0
"112.151.119.240",693,66.7294,0
"67.182.227.193",59,92.7907,0
"189.226.209.193",78,25.1643,0
"27.91.204.231",56,248.776,0
"126.36.16.88",85,66.111,0
"209.193.69.124",51,8.75223,0
"24.109.125.75",73,34.1956,0
"122.151.18.108",58,41.0139,0
"122.18.251.30",70,75.4631,0
"64.4.55.100",1290,415.677,1
"64.4.55.101",433,888.319,1
"216.166.78.9",118,2492.61,0
"197.150.117.192",58,15.4542,0
"38.73.147.84",64,82.6406,0
"124.49.181.47",62,282.461,0
"24.180.126.190",121,100.499,0
"178.134.146.94",849,440.431,1
"190.50.185.84",126,33.1973,0
"71.29.205.185",115,123.908,0
"187.114.137.132",57,211.405,0
"38.128.193.72",60,4468.08,1
"38.128.193.76",129,2732.41,1
"38.128.193.74",90,2600.16,1
"5.0.184.58",61,93.0243,0
"211.20.182.122",697,1331.41,1
"71.42.153.34",206,2520.95,0
"208.78.128.105",83,57.3517,0
"96.238.190.23",51,105.568,0
"178.57.66.137",78,7.04042,0
"37.119.238.88",119,56.5009,0
"114.37.93.200",54,11.3348,0
"66.103.52.22",80,131.131,0
"46.187.89.88",55,195.327,0
"80.2.79.42",93,174.093,0
"49.96.221.170",62,10.7567,0
"120.35.41.120",69,78.3995,0
"108.199.140.185",73,85.0297,0
"219.136.242.89",357,2339.4,1
"1.9.102.12",55,143.759,0
"65.117.78.89",926,523.74,1
"65.117.78.88",326,985.054,1
"211.20.182.120",563,1020.52,1
"107.178.200.6",56,5321.86,1
"190.96.132.137",418,98.3348,0
"203.85.10.225",832,658.742,1
"5.152.7.152",131,95.8361,0
"12.130.146.212",2452,261.696,1
"69.250.27.248",53,103.736,0
"46.115.98.211",81,33.2738,0
"75.172.8.49",50,120.472,0
"42.224.246.81",73,26.987,0
"89.129.165.78",65,56.846,0
"105.235.16.6",185,149.323,0
"109.131.38.211",90,46.7832,0
"37.232.68.163",843,442.11,1
"74.63.157.71",98,5104.67,0
"208.181.208.92",300,2259.47,1
"208.181.208.90",95,4593.31,1
"87.166.60.217",102,90.8787,0
"67.184.201.214",63,29.2975,0
"62.83.72.64",61,43.0389,0
"120.28.125.27",55,18.6065,0
"27.113.214.220",51,177.102,0
"222.131.232.7",63,45.4946,0
"87.59.178.87",56,137.267,0
"86.156.76.130",162,23.834,0
"221.156.54.1",55,48.5757,0
"59.178.182.233",68,33.5253,0
"113.53.216.61",53,215.846,0
"186.218.19.212",79,70.1003,0
"190.92.20.19",93,140.256,0
"190.94.163.153",112,41.7185,0
"78.169.239.146",152,30.515,0
"157.55.193.137",323,440.887,0
"69.166.85.204",60,171.477,0
"5.108.226.229",52,137.24,0
"203.185.3.132",87,284.328,0
"174.107.176.171",65,80.6724,0
"49.207.187.130",64,20.4413,0
"201.23.157.60",50,36.6407,0
"98.207.68.220",239,8.9346,0
"188.169.162.230",830,449.971,1
"164.100.96.254",59,1351.38,0
"95.140.238.130",1780,320.214,1
"177.41.10.200",116,222.033,0
"195.27.248.36",997,560.057,1
"80.201.29.31",52,28.0504,0
"83.9.81.82",105,54.0613,0
"94.15.239.120",56,207.067,0
"78.147.56.157",77,51.8531,0
"115.112.211.40",606,555.506,1
"195.215.15.197",1068,458.578,1
"79.17.157.24",50,101.999,0
"195.215.15.198",1267,645.392,1
"69.132.68.56",84,33.794,0
"189.242.217.189",50,87.2095,0
"109.145.146.93",75,60.209,0
"115.240.96.51",71,77.0236,0
"77.49.8.34",81,50.5408,0
"99.157.1.222",56,107.638,0
"61.105.62.203",168,51.6078,0
"82.35.93.170",77,137.555,0
"74.240.50.155",55,19.7964,0
"62.14.234.98",54,1409.2,0
"213.93.247.179",181,26.6099,0
"201.164.236.173",71,95.2449,0
"92.113.95.232",94,120.436,0
"126.71.239.102",56,267.64,0
"83.29.78.121",277,95.1446,0
"116.227.168.109",54,13.3806,0
"81.33.213.111",52,180.409,0
"75.81.116.96",53,292.848,0
"79.27.223.111",179,153.584,0
"114.19.42.74",51,17.5594,0
"71.184.150.99",63,41.5538,0
"27.152.192.9",78,20.3834,0
"78.131.48.2",315,5.95797,0
"195.241.152.163",65,10.8865,0
"59.91.76.128",53,38.2834,0
"92.0.198.66",53,107.125,0
"5.42.200.123",99,38.7486,0
"188.169.162.246",487,1771.95,1
"218.166.41.39",177,40.1769,0
"84.81.52.3",56,94.4937,0
"178.134.40.202",846,440.032,1
"12.150.109.4",83,28.2604,0
"188.233.53.164",59,19.5086,0
"210.48.150.52",336,1451.22,1
"172.56.39.134",52,67.7605,0
"137.135.178.142",361,695.176,0
"113.229.47.239",56,280.064,0
"98.249.0.197",60,4.54288,0
"76.20.96.33",110,54.0547,0
"70.119.99.134",76,48.6888,0
"96.244.55.114",114,20.9396,0
"95.93.60.20",118,5.17988,0
"23.99.98.189",341,956.298,1
"182.64.145.215",121,121.643,0
"82.32.212.166",388,15.742,0
"99.229.10.33",70,154.406,0
"84.174.90.30",54,82.2775,0
"114.130.65.11",93,98.8996,0
"212.49.88.110",80,1729.64,0
"91.152.89.96",64,197.972,0
"118.103.204.169",72,463.118,0
"88.176.94.178",51,190.434,0
"63.227.8.111",51,245.318,0
"12.232.14.2",99,2995.94,0
"88.72.55.52",59,81.2463,0
"95.117.199.10",76,147.657,0
"171.99.169.219",57,5.05654,0
"109.206.134.130",84,78.5938,0
"78.163.189.216",50,14.737,0
"178.214.190.152",50,7.8035,0
"120.213.167.186",65,51.7412,0
"173.67.3.46",54,125.996,0
"66.249.88.63",69,5213.51,1
"75.20.149.97",210,10.4206,0
"175.157.95.94",103,15.5587,0
"178.89.168.85",88,8.62957,0
"95.153.204.178",135,993.015,0
"78.25.90.68",53,33.2346,0
"82.61.86.2",80,15.4792,0
"151.33.27.122",76,83.0346,0
"201.34.247.235",54,118.865,0
"60.28.9.105",252,1121.76,1
"60.28.9.104",548,664.538,1
"46.252.120.226",59,232.796,0
"192.227.247.103",83,4440.77,1
"83.83.190.191",107,42.8933,0
"63.233.54.93",1909,358.961,1
"107.192.117.11",87,75.0136,0
"77.92.240.102",827,445.806,1
"31.146.135.2",841,441.395,1
"187.152.187.224",59,34.6608,0
"190.11.119.124",79,14.9314,0
"183.171.160.191",161,138.97,0
"71.88.213.89",53,28.9944,0
"175.215.136.146",57,153.228,0
"107.178.200.205",85,2997.58,1
"162.192.72.196",51,69.3514,0
"201.74.62.124",52,12.2672,0
"223.240.159.187",81,11.9933,0
"66.77.4.228",4622,198.449,1
"84.249.99.126",223,35.1548,0
"187.38.68.191",56,51.239,0
"182.249.242.34",71,30.1491,0
"107.178.200.10",71,3655.3,1
"182.186.171.6",64,26.6247,0
"78.8.35.46",50,58.7288,0
"203.212.2.40",74,3721.41,1
"203.212.2.41",119,3471.35,1
"46.42.49.106",142,12.4977,0
"176.110.60.22",60,127.919,0
"46.72.58.48",70,15.1982,0
"189.164.49.251",78,24.3302,0
"125.14.178.49",50,18.74,0
"64.108.112.13",148,10.0774,0
"84.99.77.148",78,76.8398,0
"193.205.57.24",336,1031.22,1
"27.78.212.93",67,185.869,0
"83.40.243.49",87,1.59064,0
"98.200.53.189",57,14.2728,0
"98.192.81.7",51,295.77,0
"27.86.14.248",51,147.037,0
"84.100.180.49",64,106.106,0
"114.159.80.221",59,77.2031,0
"103.28.87.133",134,216.076,0
"67.140.244.134",53,74.729,0
"157.55.39.155",61,3010.02,1
"186.101.204.17",66,219.677,0
"78.238.71.35",679,2.92391,0
"170.170.59.139",86,7070.81,0
"63.159.249.71",298,1354.92,1
"63.159.249.70",2749,309.593,1
"63.159.249.72",333,1234.33,1
"188.142.176.219",99,26.3685,0
"5.46.54.14",52,3.67803,0
"103.15.63.50",59,78.34,0
"68.127.149.153",59,87.3298,0
"115.242.242.125",73,19.9237,0
"190.213.42.75",61,74.0251,0
"217.80.53.226",63,243.512,0
"188.33.149.59",51,57.0161,0
"36.58.225.224",96,111.996,0
"117.198.118.149",87,89.4378,0
"63.150.168.86",216,1768.16,1
"82.82.250.29",99,18.3647,0
"92.127.95.60",65,49.8617,0
"99.236.30.2",158,124.948,0
"67.187.172.116",55,116.158,0
"5.69.156.90",139,141.334,0
"38.128.193.68",376,885.035,1
"193.251.154.66",247,1144.95,1
"210.212.195.230",52,500.98,0
"182.134.118.224",75,11.8014,0
"110.14.111.233",50,240.003,0
"24.113.73.226",189,4.2962,0
"69.28.215.242",581,571.469,1
"118.109.197.31",101,39.8569,0
"211.193.15.207",182,64.2303,0
"109.228.217.158",109,47.1545,0
"41.130.71.47",50,234.699,0
"212.10.248.149",108,16.9977,0
"79.19.167.190",63,124.375,0
"167.1.174.30",136,1661.82,0
"84.227.8.152",123,10.4963,0
"182.178.25.18",72,252.609,0
"190.138.148.59",54,31.3,0
"76.121.171.250",56,13.8417,0
"193.251.154.206",434,731.349,1
"71.100.170.213",53,85.276,0
"99.34.150.62",57,3903.59,0
"149.254.58.96",69,95.9286,0
"182.72.177.26",67,212.281,0
"99.28.252.254",82,24.8258,0
"123.27.57.217",67,32.3773,0
"188.135.254.102",70,25.2297,0
"217.33.241.250",318,1881.38,1
"75.132.41.229",55,43.3462,0
"92.72.27.125",177,18.7492,0
"212.5.158.79",79,53.1974,0
"178.41.5.236",52,9.95148,0
"14.209.56.173",72,30.4429,0
"75.26.227.190",102,20.9206,0
"66.249.79.150",184,2372.74,1
"151.229.233.135",78,207.719,0
"69.249.61.170",54,103.189,0
"134.255.137.159",64,230.41,0
"202.46.139.49",183,83.6246,0
"88.241.75.91",70,17.2635,0
"83.240.147.200",124,156.069,0
"109.148.71.119",89,69.6242,0
"92.230.212.115",58,103.728,0
"194.231.14.134",95,1992.72,1
"95.37.242.120",419,36.3615,0
"100.40.97.169",50,28.4817,0
"76.2.43.95",67,24.8928,0
"188.142.223.92",56,26.8323,0
"205.163.212.49",261,2516.58,1
"184.14.213.7",75,38.6562,0
"72.185.72.126",89,30.3438,0
"212.185.223.119",220,37.5896,0
"217.81.165.161",54,89.6472,0
"74.3.134.162",448,614.442,1
"151.47.180.22",50,257.457,0
"153.189.51.218",53,227.204,0
"182.74.34.234",106,1461.08,0
"49.251.46.6",71,5047.73,0
"86.73.178.36",80,137.026,0
"41.34.147.192",167,7.41966,0
"190.214.173.245",55,83.742,0
"178.34.56.125",113,11.7344,0
"68.149.89.147",51,24.8962,0
"172.9.83.94",69,187.364,0
"101.109.9.5",66,32.1145,0
"174.115.133.233",80,4.62976,0
"90.151.113.83",123,87.3715,0
"149.254.49.239",72,95.7613,0
"96.252.122.89",143,109.655,0
"24.109.252.13",82,92.2861,0
"68.32.113.74",239,5.86592,0
"36.2.179.125",64,5274.59,1
"63.219.16.105",3859,228.563,1
"63.219.16.106",3957,224.024,1
"66.189.61.31",109,152.78,0
"72.14.95.178",50,174.463,0
"24.200.199.203",110,41.3248,0
"109.74.208.96",251,5.62446,0
"176.27.87.236",86,122.096,0
"88.86.232.164",78,7.91196,0
"2.235.70.109",69,72.2419,0
"219.104.69.158",96,120.358,0
"182.237.177.154",51,10.7051,0
"24.24.169.3",56,90.9303,0
"80.80.40.46",67,53.8041,0
"89.167.19.72",50,205.708,0
"81.156.43.149",92,269.476,0
"58.233.99.219",65,201.03,0
"69.158.167.27",190,25.9105,0
"188.169.162.194",798,458.965,1
"220.71.88.234",92,15.3064,0
"67.184.150.252",53,5451.49,0
"95.104.128.23",500,18.9757,0
"190.21.149.114",52,30.1625,0
"62.161.199.24",1392,388.612,1
"189.135.90.42",65,204.398,0
"203.215.33.98",70,174.411,0
"115.39.145.203",109,200.447,0
"70.48.160.84",81,146.866,0
"66.249.81.2",124,3023.48,1
"87.16.54.251",117,9.23786,0
"65.198.57.158",2343,327.772,1
"115.239.212.65",53,6274.91,1
"101.177.151.64",71,235.622,0
"86.2.226.46",67,55.6868,0
"63.211.22.61",756,659.566,1
"94.13.0.253",276,141.722,0
"202.156.8.251",67,4192.31,0
"183.82.91.88",201,39.088,0
"63.211.22.64",410,725.647,1
"50.96.243.86",100,161.874,0
"149.156.233.2",92,20.4985,0
"189.242.33.28",51,344.406,0
"157.55.39.245",64,2916.23,1
"108.182.115.217",92,73.8674,0
"72.204.178.210",88,109.408,0
"189.217.54.236",131,25.2725,0
"74.136.101.145",59,116.722,0
"67.231.175.177",71,56.4834,0
"111.67.175.87",67,46.1971,0
"71.105.53.199",55,297.622,0
"187.20.110.163",81,5.50021,0
"83.125.61.206",282,24.2128,0
"83.50.252.27",61,10.0656,0
"117.223.225.231",71,72.6773,0
"86.134.117.84",61,113.24,0
"89.230.80.194",113,67.5592,0
"180.21.172.95",80,117.573,0
"95.45.180.54",2065,297.006,1
"63.152.5.97",137,187.095,0
"187.126.115.216",51,113.641,0
"212.160.172.70",59,12.5797,0
"82.232.82.82",50,7.68204,0
"125.39.107.149",55,60.6843,0
"201.141.153.175",65,5.38115,0
"24.34.238.33",75,184.612,0
"37.201.224.156",52,193.694,0
"109.124.173.148",51,81.7826,0
"59.1.21.144",55,139.232,0
"86.151.142.117",53,62.9885,0
"98.243.127.37",60,3245.3,0
"217.238.82.131",78,131.838,0
"187.191.31.50",63,3828.55,0
"122.32.60.180",51,43.7738,0
"194.44.63.11",79,15.0838,0
"201.152.66.123",75,198.87,0
"177.100.153.192",141,191.495,0
"49.81.16.9",54,176.88,0
"115.112.253.76",2737,695.242,1
"115.112.253.75",1853,347.555,1
"68.186.97.20",54,96.524,0
"189.24.86.162",256,122.888,0
"5.52.247.110",54,175.16,0
"178.93.48.56",114,77.0839,0
"112.138.44.102",55,83.9528,0
"65.52.104.104",79,9419.74,1
"205.164.5.173",77,30.6028,0
"65.170.58.223",1140,821.579,1
"72.165.69.38",274,996.603,1
"119.172.117.88",71,60.0547,0
"208.51.96.2",77,8.96824,0
"72.165.69.33",423,786.916,1
"72.165.69.32",781,680.633,1
"59.60.218.14",172,28.1649,0
"72.165.69.30",231,1543.84,1
"72.165.69.37",372,803.863,1
"72.165.69.36",682,575.623,1
"72.165.69.35",540,867.562,1
"72.165.69.34",384,797.744,1
"107.178.200.11",54,4570.63,1
"126.47.128.134",185,113.701,0
"184.183.160.39",88,30.1047,0
"222.167.17.97",67,15.7166,0
"74.6.254.114",124,4022.64,1
"84.253.11.197",54,65.751,0
"200.16.144.193",55,3313.17,0
"2.50.41.30",113,116.012,0
"178.126.126.27",51,18.3819,0
"114.160.0.11",104,1275.47,0
"112.239.96.21",129,25.5684,0
"117.55.68.28",55,50.8165,0
"91.152.225.9",50,62.1581,0
"82.31.232.229",126,7.04929,0
"2.55.139.250",54,65.3493,0
"109.66.112.251",59,220.397,0
"5.35.60.189",89,2240.89,0
"178.118.16.186",62,15.8395,0
"23.99.98.230",224,1630.61,1
"195.50.102.90",278,2267.8,1
"24.157.211.227",59,100.659,0
"79.36.136.61",185,2750.49,1
"116.26.201.38",77,90.4223,0
"109.175.97.111",72,152.065,0
"101.176.204.35",56,4578.1,0
"64.150.216.58",70,33.6057,0
"90.50.12.251",53,15.3097,0
"207.253.63.3",50,26.4544,0
"78.125.219.39",71,18.3995,0
"112.144.155.136",80,64.6644,0
"201.18.121.126",116,40.8998,0
"166.205.55.40",227,3214.94,0
"188.129.114.155",56,172.551,0
"206.31.247.250",233,1680.19,1
"95.117.211.132",65,97.464,0
"62.18.231.117",122,62.8944,0
"188.106.131.51",72,130.617,0
"123.138.52.35",62,51.1102,0
"95.10.145.89",72,166.082,0
"188.0.92.5",63,82.5168,0
"31.146.135.22",837,441.661,1
"197.203.109.46",75,40.5477,0
"178.134.39.26",841,440.435,1
"189.62.234.244",104,25.6355,0
"68.228.72.211",61,24.5145,0
"180.94.156.182",113,10.8969,0
"190.137.185.193",87,326.226,0
"2.158.203.192",62,20.4153,0
"181.136.41.52",71,17.277,0
"176.213.124.92",62,71.4562,0
"63.241.6.100",1373,364.706,1
"112.87.84.10",64,81.643,0
"108.53.180.171",70,38.1984,0
"117.55.68.52",65,127.789,0
"92.151.167.201",60,51.6446,0
"66.249.80.76",105,2740.37,1
"89.186.137.176",72,99.5024,0
"171.89.15.246",85,179.41,0
"184.36.231.183",72,123.27,0
"212.180.142.8",645,1608.49,1
"79.169.94.163",80,28.8995,0
"212.180.142.7",729,1509.19,1
"114.144.200.13",63,147.578,0
"91.144.113.39",148,8.37559,0
"66.249.149.48",66,5349.86,0
"95.89.86.18",97,26.4429,0
"197.251.239.210",76,40.7908,0
"70.127.174.83",167,69.7397,0
"195.94.138.5",54,37.4543,0
"178.134.146.74",836,442.239,1
"172.13.102.25",51,147.375,0
"186.142.168.53",121,111.601,0
"99.59.5.1",56,244.103,0
"178.124.206.67",60,69.2104,0
"71.36.167.7",71,7609.02,0
"77.68.168.142",51,25.9034,0
"93.218.167.167",135,176.25,0
"63.73.199.69",87,6541.18,0
"86.129.170.124",104,3.08451,0
"70.126.9.78",99,181.431,0
"188.78.83.0",68,184.514,0
"79.47.254.170",112,2.95105,0
"87.207.74.107",227,25.2566,0
"90.137.66.8",68,257.265,0
"67.241.19.55",100,22.5536,0
"66.249.79.188",231,2136.83,1
"122.161.90.44",60,204.029,0
"212.187.152.196",477,1842.75,1
"4.35.219.25",1358,324.592,1
"4.35.219.24",1006,437.915,1
"4.35.219.23",728,400.863,1
"58.49.69.109",109,9.18259,0
"206.211.242.11",60,2083.55,0
"4.35.219.20",214,629.864,1
"64.208.222.106",3287,234.589,1
"220.215.178.209",71,11.4382,0
"173.73.181.64",85,108.667,0
"184.98.19.93",59,147.472,0
"108.239.225.116",84,22.3898,0
"178.149.157.21",139,167.413,0
"118.161.35.166",139,1.979,0
"50.242.188.102",61,34.3685,0
"168.63.135.68",984,111.125,0
"92.112.227.53",79,166.857,0
"187.158.59.239",67,72.8971,0
"38.108.8.23",782,582.467,1
"118.122.88.230",111,1885.97,0
"181.167.233.15",100,29.0005,0
"190.16.233.89",76,202.373,0
"84.61.30.25",77,18.6906,0
"89.202.167.18",1107,452.245,1
"101.142.219.174",68,129.498,0
"63.209.80.82",3254,237.302,1
"174.30.102.93",87,199.345,0
"37.104.84.172",53,12.1736,0
"173.183.233.9",61,3273.37,0
"71.137.204.16",65,170.769,0
"203.211.151.230",86,2103.64,0
"49.207.93.198",183,96.415,0
"216.246.178.92",64,55.3723,0
"5.56.248.154",54,6.55535,0
"108.7.187.205",103,21.8049,0
"146.52.101.182",95,91.7093,0
"188.33.64.37",64,163.822,0
"90.45.127.55",54,15.6586,0
"91.178.81.166",91,52.4548,0
"213.248.101.202",60,5030.17,1
"46.32.151.169",114,19.9467,0
"64.141.87.35",76,3802.69,1
"79.229.95.22",117,200.669,0
"108.33.91.126",91,116.675,0
"86.70.189.11",55,244.364,0
"84.86.24.25",77,35.8241,0
"63.155.28.85",66,35.8055,0
"119.93.35.213",98,177.2,0
"177.219.92.135",690,19.5086,0
"178.193.49.141",62,6.51927,0
"94.137.53.76",338,9.79597,0
"80.218.105.88",130,136.211,0
"201.220.242.40",61,14.2463,0
"184.77.91.25",94,1090.56,0
"89.0.164.112",100,55.6541,0
"113.165.172.26",95,52.5742,0
"121.161.233.17",102,86.3043,0
"27.119.42.207",54,53.4004,0
"24.9.213.23",102,51.5173,0
"76.21.254.91",56,16.4259,0
"82.224.229.146",60,30.3509,0
"89.80.136.85",54,199.397,0
"114.45.60.177",64,63.3761,0
"79.152.196.144",57,20.1441,0
"178.123.59.25",72,149.109,0
"37.54.76.121",57,216.131,0
"222.78.196.170",339,33.6387,0
"184.162.133.40",73,119.019,0
"123.117.92.248",50,283.211,0
"68.145.90.142",62,46.5835,0
"62.161.199.23",1339,396.529,1
"99.169.60.127",88,186.903,0
"190.24.38.205",50,4.65888,0
"86.219.126.199",102,1.47641,0
"31.147.160.163",154,66.6635,0
"85.26.231.89",62,53.3574,0
"216.52.195.58",2513,591.393,1
"119.138.242.25",176,167.119,0
"186.219.146.181",60,49.0784,0
"12.130.140.212",249,1551.92,1
"101.229.105.180",2233,4.71903,0
"81.235.164.221",57,46.1526,0
"5.103.174.77",104,120.347,0
"98.81.88.29",52,243.329,0
"76.11.140.252",79,13.4688,0
"114.161.196.86",89,77.0246,0
"24.130.237.34",53,144.972,0
"202.188.30.216",970,745.777,1
"188.169.162.138",811,459.487,1
"188.169.162.134",850,439.84,1
"91.125.158.191",96,93.2128,0
"199.30.26.153",58,3229.19,1
"188.169.162.130",825,455.454,1
"204.116.241.47",52,162.95,0
"101.50.148.67",53,121.537,0
"109.230.110.20",52,11.7518,0
"86.151.19.215",67,106.627,0
"82.139.103.10",64,122.914,0
"66.249.88.44",55,6232.68,1
"212.18.242.14",200,2259.74,1
"58.60.123.19",121,85.9691,0
"189.49.236.132",63,5.91373,0
"62.106.104.173",60,143.54,0
"96.241.54.64",170,70.3151,0
"2.36.98.38",62,9.58653,0
"65.31.55.151",98,229.938,0
"70.161.254.104",56,36.0428,0
"89.189.191.56",59,3686.84,0
"171.97.45.125",59,2.14293,0
"172.13.37.84",60,220.424,0
"123.211.240.109",82,64.5495,0
"99.102.177.244",102,144.38,0
"93.161.102.242",89,162.881,0
"108.91.129.211",99,85.5679,0
"109.157.202.233",52,132.954,0
"201.157.81.97",98,201.812,0
"37.115.170.208",65,147.433,0
"122.3.145.122",62,208.931,0
"82.243.115.241",454,6.35327,0
"87.12.218.173",56,72.6196,0
"5.145.83.71",93,104.486,0
"189.136.93.218",67,155.468,0
"187.54.173.119",128,57.731,0
"60.51.121.117",65,10.0164,0
"208.13.170.71",184,2105.12,0
"208.13.170.72",258,2347.93,0
"208.13.170.73",140,2055.09,0
"183.178.225.237",69,10.9001,0
"2.108.241.134",50,196.525,0
"186.153.14.82",61,43.1939,0
"188.190.139.135",67,12.3694,0
"78.106.251.19",50,61.4326,0
"63.102.226.224",59,2493.63,1
"85.26.235.113",56,23.2292,0
"82.3.101.57",84,53.057,0
"187.212.109.74",64,15.0036,0
"68.171.231.80",68,1801.47,0
"119.139.216.158",79,36.0136,0
"112.163.112.47",107,82.7822,0
"189.186.88.51",225,24.0819,0
"67.68.95.252",81,159.85,0
"75.89.238.20",93,58.1313,0
"199.60.113.30",74,5119.75,0
"188.134.41.131",59,227.212,0
"58.8.17.55",56,10.3717,0
"222.252.129.66",63,19.1191,0
"71.223.80.132",127,11.2833,0
"87.101.67.171",69,162.716,0
"78.202.12.90",89,116.331,0
"68.168.194.13",150,171.893,0
"117.194.89.13",93,176.261,0
"61.148.242.80",50,123.473,0
"220.127.129.135",78,10.0744,0
"186.233.19.177",60,50.3403,0
"64.95.77.131",289,722.646,1
"85.1.119.73",213,5.57731,0
"189.89.132.34",68,29.9577,0
"175.142.35.173",61,148.4,0
"123.236.176.237",84,35.0539,0
"107.15.253.126",58,145.806,0
"60.34.70.175",103,159.73,0
"120.194.115.58",87,129.366,0
"31.38.199.172",57,80.8734,0
"101.25.181.210",62,14.1585,0
"14.39.134.83",59,72.6914,0
"66.249.81.173",86,1823.4,0
"181.208.45.227",73,53.9954,0
"200.118.144.199",52,85.6833,0
"122.177.45.133",65,135.663,0
"103.7.28.135",82,9.63917,0
"186.121.102.55",100,44.8844,0
"180.215.205.210",156,107.461,0
"95.155.70.23",53,126.517,0
"123.24.183.175",76,22.5281,0
"63.76.10.18",59,74.9349,0
"178.67.150.156",50,120.243,0
"188.238.181.177",76,137.593,0
"94.181.149.80",80,3.16496,0
"49.230.145.7",68,37.3761,0
"206.31.247.245",98,4046.21,1
"38.119.239.68",232,1725.12,1
"206.31.247.249",211,2180.96,1
"206.31.247.248",428,895.383,1
"166.216.157.88",89,28.7283,0
"31.146.135.38",834,442.873,1
"79.3.226.213",170,82.5171,0
"199.126.141.80",51,160.648,0
"50.179.85.221",89,20.3218,0
"93.63.232.108",59,22.7547,0
"125.2.197.143",68,15.0759,0
"178.134.39.34",832,446.573,1
"99.105.5.8",56,237.155,0
"178.183.171.136",54,189.704,0
"95.252.246.249",94,2079.08,1
"75.61.73.60",108,46.9625,0
"119.240.165.205",53,174.468,0
"27.77.242.138",75,106.844,0
"88.252.248.39",165,38.1048,0
"85.192.217.87",105,52.7162,0
"216.154.91.133",88,72.5057,0
"79.237.166.61",61,45.6985,0
"85.100.192.29",50,32.7264,0
"37.213.184.211",185,117.429,0
"74.80.15.176",68,54.5319,0
"66.190.69.124",58,61.1818,0
"72.228.150.91",83,54.1225,0
"90.3.205.171",78,4.54868,0
"108.23.189.206",101,41.2314,0
"82.164.201.35",51,19.0478,0
"194.166.109.185",100,90.8386,0
"37.236.167.250",55,4707.22,0
"65.129.59.30",74,182.921,0
"67.241.254.89",63,14.667,0
"70.67.12.204",83,190.233,0
"83.23.255.4",58,184.096,0
"88.196.196.203",64,56.6006,0
"130.43.123.181",51,100.087,0
"178.255.215.97",166,1734.68,1
"173.228.38.82",63,368.457,0
"217.118.79.23",68,3818.61,0
"180.63.72.141",51,89.6528,0
"98.246.255.1",72,72.1813,0
"212.98.171.25",123,11.8164,0
"61.211.27.243",62,218.58,0
"67.192.63.144",295,2190.48,1
"91.104.21.17",69,69.7993,0
"113.250.184.200",127,78.5252,0
"157.55.39.208",56,4240.14,1
"210.212.151.3",79,150.008,0
"157.55.39.206",55,3534.57,1
"50.38.48.122",86,32.556,0
"107.196.54.103",65,163.511,0
"103.19.252.82",97,1105.79,0
"50.142.65.79",54,198.462,0
"216.240.51.50",66,3454.16,0
"180.15.123.69",64,5.39201,0
"86.28.167.197",70,51.6329,0
"207.46.1.101",1126,969.481,1
"207.46.1.100",94,2844.8,1
"93.223.17.9",158,44.0883,0
"90.9.218.176",52,282.11,0
"81.45.52.210",55,33.6911,0
"213.10.244.144",61,0.561743,0
"85.115.243.109",88,135.626,0
"180.46.51.100",135,10.0037,0
"59.34.35.11",56,42.1464,0
"113.57.183.122",59,88.2474,0
"213.126.71.178",54,20.4395,0
"93.207.31.34",67,42.189,0
"68.102.244.109",82,210.759,0
"180.0.147.174",53,21.9679,0
"106.177.199.186",124,30.2009,0
"2.107.180.19",55,35.9904,0
"77.29.49.138",207,113.973,0
"24.96.122.185",71,86.4224,0
"27.252.23.252",190,528.629,0
"168.63.135.54",1044,114.474,0
"125.5.117.60",1430,379.165,1
"112.65.211.245",68,9.53384,0
"206.31.247.241",939,693.068,1
"180.51.134.59",55,88.9283,0
"84.232.203.120",195,51.1495,0
"72.188.79.180",54,204.905,0
"77.249.231.107",55,84.4715,0
"78.248.105.40",59,113.88,0
"187.41.62.203",70,27.3472,0
"99.6.80.136",78,124.319,0
"126.123.14.104",50,244.825,0
"2.150.16.168",81,217.139,0
"219.170.248.3",106,179.141,0
"41.86.105.163",322,766.421,1
"2.206.0.141",56,18.9738,0
"176.250.151.20",70,218.016,0
"192.182.151.95",93,12.2776,0
"119.75.73.77",59,119.653,0
"190.131.51.49",72,76.5136,0
"173.69.209.214",53,149.172,0
"71.57.255.100",67,207.591,0
"209.107.208.37",61,236.053,0
"76.182.101.127",62,16.93,0
"77.242.134.212",116,43.1259,0
"168.94.245.1",64,5287.36,0
"114.165.216.153",98,71.9147,0
"96.37.151.138",68,795.018,0
"205.163.212.14",607,1456.16,1
"108.172.232.19",84,87.1722,0
"125.55.186.232",58,216.926,0
"115.22.137.168",55,254.479,0
"151.250.87.144",53,204.396,0
"88.253.88.225",86,60.2367,0
"189.253.150.62",88,10.6919,0
"42.117.202.66",144,961.701,0
"103.1.100.34",97,38.4939,0
"88.229.112.147",94,20.559,0
"87.66.125.196",53,246.919,0
"83.149.8.90",68,1535.29,0
"176.200.193.99",87,48.1115,0
"85.81.59.51",81,68.7844,0
"94.122.171.202",100,11.5697,0
"27.91.38.76",81,36.5403,0
"184.4.222.78",65,111.516,0
"190.234.106.205",127,120.515,0
"107.199.240.196",124,43.2973,0
"151.56.216.164",71,145.765,0
"179.93.135.215",57,26.9656,0
"69.255.8.216",51,270.864,0
"122.210.156.33",51,3174.92,0
"109.15.167.81",363,0.454762,0
"59.95.167.220",67,198.564,0
"86.216.201.227",63,25.1754,0
"81.11.254.228",60,39.991,0
"106.114.231.253",155,52.5451,0
"188.169.162.126",819,460.414,1
"98.111.198.174",51,70.1197,0
"109.251.12.2",68,194.618,0
"119.226.231.26",144,1438.17,0
"89.106.28.80",898,573.652,1
"89.106.28.84",500,1156.19,1
"137.117.241.189",242,1647.29,1
"181.135.117.27",90,114.166,0
"212.187.152.198",959,748.462,1
"66.249.85.63",87,6712.4,1
"72.57.83.10",58,348.145,0
"216.32.24.130",1263,881.656,1
"79.45.43.161",51,26.9984,0
"178.48.153.31",125,122.017,0
"83.54.236.201",54,69.6102,0
"68.37.184.48",57,136.662,0
"125.60.156.141",58,3902.79,0
"2.205.80.235",85,151.755,0
"82.52.151.111",99,5676.82,1
"66.249.81.36",97,3794.57,1
"50.154.223.10",70,90.9277,0
"188.75.128.27",81,1520.76,0
"46.38.32.204",96,17.4164,0
"186.58.43.95",50,35.936,0
"94.180.35.70",54,377.969,0
"94.191.191.68",51,99.5614,0
"118.208.153.27",108,90.4824,0
"195.134.228.5",314,1371.04,0
"128.78.187.231",60,120.991,0
"27.104.181.54",105,8.22694,0
"65.170.58.202",549,627.003,1
"218.49.55.148",57,119.204,0
"65.170.58.200",453,936.986,1
"83.200.248.238",51,119.951,0
"204.16.68.106",53,4626.36,0
"24.183.148.195",56,38.0219,0
"94.223.144.202",57,103.993,0
"188.254.110.144",69,119.658,0
"115.77.30.248",62,86.729,0
"113.81.109.251",90,31.9369,0
"90.164.160.87",56,14.8889,0
"111.87.38.25",1405,403.345,1
"219.103.210.48",59,8.90604,0
"111.87.38.26",1372,389.185,1
"197.208.162.147",68,139.024,0
"78.92.4.136",249,15.3696,0
"93.122.223.14",78,222.048,0
"87.120.84.25",94,175.535,0
"113.255.80.86",63,95.9327,0
"220.142.63.205",63,20.94,0
"111.100.11.153",64,96.5113,0
"61.57.109.118",80,32.7721,0
"95.208.144.235",58,153.903,0
"24.119.31.198",55,34.2596,0
"12.200.74.1",255,10.4666,0
"198.45.141.207",51,14.4542,0
"165.193.8.173",2829,252.058,1
"184.99.201.242",69,156.533,0
"88.186.140.178",62,8.80314,0
"219.110.140.179",111,35.7053,0
"61.8.133.61",60,18.5135,0
"187.71.63.137",88,40.0216,0
"62.158.170.108",87,16.1601,0
"78.43.237.50",81,60.6535,0
"180.183.99.170",60,161.872,0
"201.157.48.36",54,89.2027,0
"183.160.190.94",94,16.1184,0
"131.107.160.169",567,341.645,0
"58.95.32.143",50,2248.56,0
"110.168.171.132",119,12.9939,0
"137.135.179.36",346,607.272,0
"208.100.140.233",54,86.2943,0
"88.207.220.215",84,2267.93,0
"37.201.140.250",51,13.0777,0
"206.31.247.231",116,5660.42,1
"172.56.18.5",50,12.3338,0
"189.170.139.185",82,218.882,0
"84.253.222.190",51,162.249,0
"217.165.171.184",52,5.13111,0
"14.136.103.139",60,15.3215,0
"188.69.198.254",55,18.2147,0
"24.137.121.136",51,75.2172,0
"111.176.79.202",54,76.1664,0
"94.251.68.222",68,99.3754,0
"123.120.237.185",70,1573.08,1
"2.105.226.21",52,63.8904,0
"174.49.86.58",52,97.6229,0
"85.183.249.19",115,2007.59,1
"50.200.42.98",627,86.2937,0
"83.220.237.238",52,6.92443,0
"38.101.136.107",256,1573.66,1
"74.69.100.1",113,21.5458,0
"98.169.215.39",78,108.861,0
"200.186.94.194",501,636.356,1
"108.89.36.148",73,12.8165,0
"114.79.60.68",72,124.604,0
"92.109.161.161",92,31.2626,0
"96.22.155.164",54,11.0703,0
"108.210.115.167",50,9.86629,0
"39.52.163.156",65,109.832,0
"65.117.78.100",499,941.83,1
"210.170.173.55",60,28.2214,0
"210.253.42.136",61,26.6032,0
"202.94.128.76",110,211.222,0
"115.207.47.39",50,12.0797,0
"171.5.68.87",61,113.308,0
"94.218.221.71",73,126.833,0
"193.58.196.55",50,46.0581,0
"220.254.241.208",69,1.25845,0
"88.138.148.216",52,86.1632,0
"74.210.250.147",203,170.474,0
"89.134.85.39",77,30.1441,0
"200.51.90.107",395,923.4,1
"186.176.12.78",60,38.5288,0
"188.169.162.198",813,450.216,1
"27.66.172.196",85,161.75,0
"54.226.88.62",58,1.98347,0
"222.146.255.90",102,10.7661,0
"27.43.10.233",103,135.151,0
"24.153.52.22",81,12.7548,0
"70.90.37.109",72,16.7977,0
"97.96.236.81",57,99.3987,0
"58.145.168.162",60,15.6963,0
"126.124.92.155",66,17.463,0
"222.220.150.208",63,60.266,0
"107.178.200.200",81,3284.03,1
"188.169.162.214",844,439.618,1
"84.99.236.49",83,14.6793,0
"49.48.165.221",55,37.7729,0
"177.188.55.169",54,25.0189,0
"98.215.212.243",99,11.7145,0
"118.240.112.54",85,242.312,0
"64.233.172.52",144,2232.99,1
"188.134.44.145",74,67.1214,0
"31.50.78.8",308,221.589,0
"213.88.110.179",65,10.5666,0
"202.226.232.64",76,9.88058,0
"198.203.175.175",88,5545.3,0
"2.139.213.124",89,115.655,0
"84.31.30.228",56,19.3192,0
"82.241.196.204",83,108.9,0
"70.171.80.37",53,94.7438,0
"77.40.19.51",56,29.2803,0
"82.243.217.85",119,87.6415,0
"115.58.62.119",65,45.7497,1
"176.253.183.177",200,21.323,0
"31.180.225.135",90,35.5618,0
"90.157.189.45",53,65.5354,0
"90.220.46.199",121,37.9787,0
"186.2.136.241",86,48.2017,0
"200.116.44.120",55,81.3823,0
"182.181.219.244",58,8.68302,0
"63.155.131.65",70,154.151,0
"66.249.82.44",106,3353.65,1
"82.136.85.115",53,22.8855,0
"183.83.88.114",90,61.2343,0
"31.53.143.61",52,201.026,0
"79.234.222.187",77,25.8427,0
"91.149.105.186",58,252.068,0
"61.11.173.44",54,99.3614,0
"112.96.104.44",88,18.5206,0
"178.255.215.98",909,561.173,1
"77.170.36.235",196,81.0922,0
"202.40.240.228",799,968.414,1
"117.86.62.18",53,18.6155,0
"181.54.14.181",64,22.1021,0
"120.33.235.62",63,21.0722,0
"95.59.37.218",65,78.9719,0
"176.27.140.111",75,8.267,0
"86.184.106.84",96,18.2577,0
"212.122.80.41",52,131.684,0
"124.132.238.139",102,204.956,0
"179.203.241.74",57,38.4213,0
"67.85.122.167",58,77.1701,0
"41.41.72.69",85,188.579,0
"65.6.178.62",61,79.5435,0
"14.138.67.33",54,143.811,0
"184.58.146.245",96,47.2987,0
"188.169.162.206",767,519.614,1
"219.250.13.9",50,60.0364,0
"178.134.146.50",843,440.206,1
"69.255.157.165",85,20.8089,0
"92.0.13.224",76,92.7621,0
"59.88.53.146",59,174.124,0
"84.138.69.246",140,166.021,0
"120.51.128.7",62,66.6664,0
"87.210.152.77",71,57.0787,0
"31.45.104.73",56,75.5568,0
"87.90.247.206",55,9.625,0
"113.197.195.227",71,83.2731,0
"182.55.184.42",57,1229.03,0
"71.167.60.38",57,65.6242,0
"81.234.52.124",581,14.194,0
"200.222.68.194",61,149.221,0
"218.250.173.195",247,59.2059,0
"65.100.229.23",122,1609.87,1
"62.113.165.159",106,13.0598,0
"95.25.25.102",64,83.7032,0
"50.96.245.105",51,229.075,0
"194.230.85.148",317,792.011,1
"107.178.200.195",85,2791.98,1
"178.129.70.45",55,74.231,0
"94.1.53.114",77,11.3102,0
"93.81.204.224",221,113.578,0
"188.169.162.110",815,450.471,1
"63.81.58.30",3793,221.26,1
"85.26.186.89",55,45.728,0
"217.156.150.130",1120,847.465,1
"116.65.168.8",60,173.257,0
"108.217.17.194",73,176.16,0
"93.77.229.28",222,89.2017,0
"98.208.137.75",51,24.3121,0
"176.40.243.185",67,154.128,0
"71.226.70.133",54,34.7797,0
"151.95.247.36",82,54.2764,0
"193.253.170.177",84,41.4768,0
"80.223.217.22",99,76.4534,0
"66.249.85.77",92,1759.51,0
"79.210.124.176",57,104.417,0
"14.139.187.66",87,1870.1,0
"66.54.64.130",59,2182.9,1
"76.219.230.12",67,41.243,0
"50.152.166.209",123,59.8665,0
"186.137.186.90",78,86.2696,0
"99.236.195.245",51,34.7906,0
"180.108.75.120",60,11.1346,0
"188.169.162.50",797,506.236,1
"188.140.12.61",50,63.2949,0
"94.137.242.49",77,115.555,0
"110.208.241.119",74,90.1177,0
"1.1.230.223",58,158.571,0
"94.43.60.44",473,629.129,1
"70.95.136.193",117,67.1533,0
"72.200.108.8",79,176.759,0
"217.212.240.197",95,2776.59,1
"204.88.29.163",92,187.93,0
"112.68.244.206",56,7.49889,0
"2.127.114.27",54,71.6669,0
"91.140.199.76",67,53.9655,0
"69.14.50.115",51,223.627,0
"85.228.37.242",89,60.2232,0
"174.44.112.40",84,45.4348,0
"58.235.227.8",72,30.6298,0
"179.187.107.15",52,107.353,0
"74.77.142.139",88,62.8931,0
"31.52.14.69",100,15.5642,0
"194.46.191.225",66,112.843,0
"24.16.15.53",130,118.935,0
"188.102.225.154",83,85.9569,0
"99.26.115.33",90,73.4924,0
"190.178.139.114",133,38.6975,0
"186.86.154.147",55,148.523,0
"186.244.11.118",94,13.7455,0
"86.180.36.26",61,184.799,0
"213.87.141.168",52,136.23,0
"117.195.73.142",89,21.5087,0
"60.34.43.9",75,4789.23,1
"213.26.205.140",62,2541.23,0
"31.151.105.10",87,14.8239,0
"27.186.26.210",83,9712.25,1
"63.236.80.118",2410,272.967,1
"94.21.134.75",91,36.6939,0
"77.195.20.196",74,17.2357,0
"71.231.59.67",67,73.1016,0
"31.209.158.69",55,226.068,0
"63.233.54.91",1443,382.924,1
"77.0.44.225",64,23.2294,0
"63.233.54.92",1613,353.846,1
"107.178.200.207",71,3216.16,1
"107.178.200.206",106,2974.28,1
"201.244.245.71",66,200.047,0
"107.178.200.204",90,2599.25,1
"107.178.200.203",91,2826.29,1
"107.178.200.202",95,2372.12,1
"107.178.200.201",81,2932.29,1
"197.33.132.162",50,116.243,0
"104.40.6.169",243,1163.63,1
"93.65.85.200",78,215.473,0
"100.1.43.72",66,49.7408,0
"125.16.157.30",97,3069.82,0
"197.8.63.40",180,10.7695,0
"71.223.107.148",255,10.0385,0
"108.225.70.145",60,66.1163,0
"24.218.46.192",111,1.64365,0
"182.33.179.98",112,28.5204,0
"31.146.135.82",846,439.859,1
"173.245.67.253",67,30.221,0
"115.248.167.58",67,84.7223,0
"185.11.148.235",55,104.081,0
"78.177.24.140",108,67.5061,0
"223.218.55.97",60,287.021,0
"61.188.249.29",63,10.1321,0
"95.109.54.146",59,59.073,0
"134.109.88.210",133,2882.34,1
"79.175.220.111",168,13.6118,0
"119.246.203.204",64,310.673,0
"188.32.58.158",62,120.509,0
"176.226.249.218",83,965.603,0
"176.110.151.22",59,29.1463,0
"79.151.247.244",65,36.8939,0
"201.8.178.210",50,24.8234,0
"181.140.68.179",95,266.151,0
"191.200.131.60",53,313.666,0
"70.29.161.71",56,16.9758,0
"117.55.68.58",64,253.203,0
"118.209.92.52",51,254.591,0
"115.239.212.139",56,4863.39,1
"186.151.155.221",54,38.2936,0
"213.181.33.25",703,1362.45,1
"213.181.33.24",997,1013.96,1
"174.57.106.135",80,31.0355,0
"92.84.30.43",80,8.73487,0
"193.173.28.101",1872,346.522,1
"84.195.149.173",214,78.1471,0
"119.175.16.57",66,42.3902,0
"150.216.116.26",204,2.7293,0
"166.137.191.37",122,4926.61,0
"93.37.89.235",116,90.3482,0
"24.189.247.141",72,43.2442,0
"97.121.151.97",99,152.16,0
"46.38.23.225",188,11.2775,0
"213.216.145.236",165,3277.07,1
"38.108.8.27",463,775.317,1
"38.108.8.26",812,659.607,1
"38.108.8.25",131,2169.26,1
"38.108.8.24",656,638.592,1
"201.172.127.50",66,11.6364,0
"38.108.8.22",596,739.338,1
"46.115.49.234",88,60.9737,0
"38.108.8.20",517,835.998,1
"121.181.175.173",102,20.9949,0
"187.114.39.95",74,184.875,0
"66.249.85.44",77,6554.06,1
"76.119.202.28",66,141.286,0
"67.6.91.239",55,29.5282,0
"179.197.41.92",50,241.834,0
"189.25.70.37",100,115.906,0
"70.123.192.54",88,117.879,0
"98.118.28.32",176,964.708,0
"166.216.157.119",127,778.472,0
"92.112.89.197",65,48.2195,0
"132.199.224.32",58,16.1141,0
"113.181.245.50",70,18.6288,0
"118.243.213.40",50,241.489,0
"65.60.180.49",69,129.787,0
"89.144.207.137",61,30.5305,0
"115.241.108.159",57,25.2796,0
"178.67.253.65",120,45.0371,0
"76.169.170.82",64,47.6932,0
"4.35.219.19",1003,382.026,1
"68.43.23.12",139,105.032,0
"121.45.26.140",67,219.03,0
"84.196.167.244",57,92.5231,0
"76.16.52.7",64,21.1412,0
"114.79.61.77",56,182.213,0
"159.224.254.243",64,142.087,0
"178.116.74.191",56,7.00342,0
"200.49.206.196",50,2177.33,0
"90.198.98.223",77,14.8722,0
"41.130.13.50",80,22.0434,0
"67.247.226.69",50,243.107,0
"24.147.131.183",52,26.1295,0
"80.108.197.175",81,141.531,0
"181.225.84.100",57,160.345,0
"201.78.8.188",96,107.976,0
"117.215.194.144",93,27.2345,0
"123.202.117.50",86,3.77242,0
"24.114.255.83",50,3536.6,0
"84.244.19.109",84,5.62696,0
"79.90.84.148",79,12.8771,0
"125.70.64.92",77,26.3009,0
"70.49.108.253",75,75.2192,0
"82.169.97.202",51,142.514,0
"80.239.139.137",1613,351.271,1
"80.239.139.136",1291,399.626,1
"69.22.184.195",117,19.9816,0
"72.88.136.121",57,118.578,0
"14.139.82.130",59,1681.56,0
"166.147.70.93",62,19.4045,0
"89.134.160.103",109,156.221,0
"199.30.25.218",73,2266.09,1
"108.87.23.44",55,38.7999,0
"186.209.162.70",120,1238.74,1
"186.47.71.2",61,123.39,0
"95.45.37.111",60,181.586,0
"72.219.234.237",60,191.448,0
"151.227.132.157",101,19.8653,0
"69.203.145.78",55,126.449,0
"71.11.169.144",71,50.8972,0
"219.106.185.198",84,162.446,0
"63.102.226.203",189,2153.48,1
"5.47.199.17",99,40.1076,0
"5.152.122.14",875,378.399,1
"5.152.122.10",876,412.521,1
"110.168.45.50",53,27.9751,0
"206.31.249.94",1107,746.484,1
"80.8.0.122",207,75.1091,0
"178.216.216.64",51,33.6574,0
"184.59.125.182",90,358.28,0
"87.122.59.85",104,58.8542,0
"37.48.33.235",54,2.98459,0
"122.56.120.70",568,569.003,1
"107.207.186.89",81,7.34762,0
"101.24.128.88",51,11.7444,0
"115.240.60.201",56,142.313,0
"59.97.98.15",53,230.771,0
"188.169.162.210",811,534.659,1
"219.121.67.93",66,155.41,0
"116.202.123.49",300,39.2346,0
"69.132.72.91",58,6.48188,0
"37.55.163.118",93,271.519,0
"177.69.8.157",83,39.3607,0
"113.160.248.25",62,8.62728,0
"92.151.137.219",50,143.535,0
"131.107.147.232",80,37.9907,0
"182.136.39.72",55,118.268,0
"121.3.17.32",116,72.6427,0
"203.180.171.172",70,124.398,0
"24.183.226.37",105,133.669,0
"99.113.45.64",63,274.905,0
"188.103.78.224",68,28.1386,0
"201.50.240.16",68,26.2577,0
"107.178.200.197",92,2215.58,1
"107.178.200.196",96,2736.45,1
"91.66.180.96",60,10.7109,0
"107.178.200.194",76,4786.5,1
"107.178.200.193",81,3861.11,1
"107.178.200.192",71,5043.58,1
"70.161.74.213",50,318.366,0
"172.248.102.2",85,98.1206,0
"107.178.200.199",80,3705.41,1
"107.178.200.198",87,4501,1
"84.193.133.176",145,19.677,0
"68.60.6.209",86,69.095,0
"124.226.168.112",120,29.324,0
"50.187.36.110",75,21.0525,0
"46.187.147.144",98,174.401,0
"124.212.176.10",66,14.757,0
"187.56.172.44",62,63.9598,0
"70.208.17.119",83,651.7,0
"219.118.12.181",56,14.3892,0
"70.192.7.230",60,80.152,0
"69.114.200.82",867,11.4018,0
"93.177.200.98",82,75.3772,0
"79.185.233.144",53,8.62128,0
"178.89.95.129",70,34.9009,0
"79.247.154.245",51,110.461,0
"193.173.28.102",1494,773.843,1
"81.44.4.36",54,47.0636,0
"79.112.42.148",75,87.402,0
"203.104.120.19",97,189.349,0
"42.66.187.235",56,29.3873,0
"213.138.85.237",74,27.7077,0
"69.245.62.73",57,34.8658,0
"208.54.4.214",73,13.1736,0
"122.13.132.4",78,934.385,0
"201.139.202.44",63,91.1125,0
"126.121.174.82",84,34.7632,0
"119.67.97.40",60,16.7679,0
"200.229.192.147",4102,259.816,1
"65.184.80.215",52,155.188,0
"174.68.88.34",56,56.3223,0
"5.237.75.173",67,20.287,0
